Duration	Scr_bytes
2	12983
0	20
1	0
0	267
0	1022
0	327
0	0
0	616
37	773
0	350
0	213
0	246
0	45
0	0
0	196
0	277
0	294
0	300
0	54
0	720
0	301
0	1
0	0
0	0
0	209
0	43
0	88382
0	277
0	321
0	335
0	234
0	0
0	46
0	318
0	256
0	229
0	282
0	233
0	257
0	0
0	214
0	0
0	203
0	0
0	307
0	320
0	215
0	358
0	270
0	337
0	219
0	258
0	324
0	0
0	236
0	1699
0	327
0	303
0	0
0	282
0	44
0	0
0	0
1	995
0	197
0	230
0	161
0	224
0	321
0	303
0	0
0	8
0	43
0	257
0	42
0	42
0	219
0	260
0	357
0	0
0	218
0	290
0	42
0	8
0	0
0	244
0	226
0	0
0	313
0	285
0	293
0	0
0	0
1	4030
0	44
0	274
0	205
0	44
0	45
0	389
0	22568
0	321
0	44
27	360
1	0
0	217
0	197
0	280
0	0
0	353
0	245
0	326
0	276
0	105
0	283
0	33
0	227
0	211
0	230
0	53
0	258
0	276
0	44
0	234
0	53
0	0
0	306
0	53
0	0
1	1376
0	44
0	175
0	342
1	1500
0	1710
0	140
0	0
0	0
0	245
0	235
0	353
0	265
0	44
0	328
0	18
0	347
0	0
0	52
0	0
0	268
0	46
0	0
0	205
0	238
0	256
0	0
0	245
0	362
0	54
0	0
0	328
0	163
0	105
0	53
0	204
0	0
0	0
0	316
0	52
0	373
0	6932
0	232
0	251
0	287
1	1055
0	286
0	321
0	0
0	2
0	22
0	223
0	237
0	45
0	0
0	0
0	301
0	44
0	1
2	24
0	0
0	44
0	197
0	242
0	350
0	46
0	52
0	239
0	207
0	180
0	339
0	642
0	55
0	0
0	341
0	42
0	105
0	285
0	78202
0	271
12931	1164
0	46
0	1107
0	4539
20	241
0	223
0	0
0	205
0	310
0	221
0	234
0	56
0	315
0	358
0	220
0	245
0	54
0	0
0	268
0	324
0	1176
0	222
0	252
0	236
0	868
1	0
0	0
0	221
0	28
0	0
0	334
0	239
0	0
0	40008
0	222
0	206
0	286
0	272
0	211
0	0
0	260
0	1
0	43
0	218
0	0
0	0
0	0
0	209
0	283
0	198
0	0
0	483
0	314
0	317
0	53
0	315
0	310
3	0
0	54
0	341
0	356
2	24
0	207
0	1
0	320
0	44
0	304
0	340
0	0
0	1
0	20
0	43
0	44
0	36
0	272
0	321
0	0
1	6
0	8
0	279
0	768
0	264
0	13
0	1
0	222
2	1397
0	0
0	252
0	241
0	236
0	44
0	247
0	343
0	293
0	261
0	351
8	4255
0	1
0	245
0	205
0	173
0	245
0	54
0	256
0	193
0	687
0	344
0	238
0	0
0	237
0	42
0	1
0	257
0	239
0	220
0	208
0	327
0	225
0	234
0	319
0	334
0	245
0	321
0	1
0	44
0	135
54451	89
0	0
0	209
0	271
0	303
0	1620
0	0
0	202
0	241
0	259
0	44
0	211
0	287
0	361
0	56
0	20
0	0
0	1
0	18
0	231
0	150
0	0
0	326
1	924
0	303
0	318
5	0
0	298
0	268
0	260
0	224
0	225
21	210
0	275
0	323
0	1
0	61298
0	1
0	1631
0	212
0	53
0	240
0	32
0	193
0	220
0	0
0	298
0	235
0	361
0	243
0	10
0	44
0	0
0	115
0	349
0	16550
0	211
0	0
0	340
0	273
0	0
0	1
0	36
0	0
0	218
0	1
0	56
0	53
0	215
0	8
0	0
0	190
0	330
0	331
0	141
0	2881
0	0
0	43
0	30
0	1028
0	317
0	218
0	763
0	223
0	292
0	214
0	0
0	55
0	0
0	338
0	44
0	302
0	301
0	42
0	1663
0	44
0	312
0	1
0	43
0	11
0	294
0	202
0	44
0	1428
0	316
0	162
0	250
0	323
0	233
0	0
0	0
1	1684
0	249
0	298
0	287
0	0
0	220
0	235
0	214
0	5929
0	320
0	40008
0	218
0	0
0	214
0	186
0	219
0	222
0	217
0	192
0	240
0	297
0	234
0	208
1	988
1	1822
0	231
0	53
0	45
0	310
0	207
0	193
0	216
0	230
0	45
0	42
0	0
0	105
0	5072
0	204
0	0
0	55
0	206
0	228
0	44
0	212
0	0
0	192
0	222
0	285
0	55
0	239
0	0
0	293
0	360
0	20
0	256
0	18
0	8873
0	738
0	296
0	294
0	227
0	200
0	0
0	304
0	1
0	10073
0	244
0	1
0	310
0	224
0	44
0	44
0	192
0	212
0	193
0	20
0	50
0	235
0	298
0	43
0	105
0	45
0	209
0	105
0	340
0	177
0	239
0	0
0	246
0	738
0	1
0	325
0	335
0	302
0	0
0	219
0	12983
0	343
0	228
0	3514
0	0
7	0
0	193
0	194
0	44
0	0
0	44
0	44
0	0
0	52
0	29
0	228
0	0
0	235
0	298
0	265
0	46
0	282
0	44
0	337
0	327
0	0
0	0
0	81
0	213
0	324
0	325
0	235
0	1
0	164
0	314
0	352
0	44
0	45
0	301
0	18
0	0
0	296
0	54
0	361
0	306
0	1
0	46
0	42562
0	0
0	210
0	307
0	326
0	46
0	262
0	313
0	276
0	868
0	55
0	237
0	289
0	249
0	333
0	0
0	44
0	208
0	224
0	236
0	53
1	1046
0	105
1179	146
0	319
0	0
0	310
0	293
0	210
0	1
0	53
0	868
0	0
0	5
0	3190
0	275
0	1
0	0
0	43
0	1
5	0
0	18
0	348
0	0
0	301
0	228
0	302
0	379
0	169
0	105
0	856
0	1
0	290
0	282
0	302
0	40494
0	205
0	226
0	1
0	209
0	219
0	105
0	352
2	718
0	229
0	296
0	28
0	288
0	295
0	207
0	245
0	0
0	1
0	287
0	6
0	220
0	0
0	55
0	0
0	292
0	212
0	168
0	352
0	8737
0	254
0	0
1	15827
0	45
0	0
0	741
0	0
0	304
0	281
0	383
0	231
0	184
0	301
0	232
0	52
0	20
0	336
0	0
0	289
0	236
0	358
0	316
0	324
0	309
0	320
0	0
2	0
0	218
0	0
0	0
0	1
0	0
0	0
0	46
0	218
0	310
0	45
0	217
0	18290
0	330
0	0
0	105
30	162
0	4753
0	1
0	1
0	0
0	247
0	1
0	223
0	298
1	39282
0	245
0	292
0	0
0	2833
0	342
0	9
0	231
0	45
0	270
0	251
0	0
0	105
0	330
0	253
0	223
0	1
0	274
0	18
0	40008
0	1
0	277
0	1
0	218
0	188
0	3909
41	123
0	189
0	314
0	296
0	307
0	0
0	224
0	45
0	44
0	240
0	43
0	15876
0	18
0	292
0	324
0	262
0	44
0	0
0	241
0	44
0	236
0	325
0	1
0	294812
0	0
0	251
0	200
0	269
0	55
0	321
0	295
0	44
0	237
0	8
0	44
0	185
0	304
0	331
0	293
1	24
0	221
0	0
1	14241
0	226
0	105
0	22
0	20
1	907
0	220
0	55
0	54
0	209
0	221
0	0
0	340
0	54
0	234
0	231
0	220
0	300
0	233
0	287
1	5959
0	1
0	206
0	372
0	228
11	1292
0	1
0	190
0	303
0	234
0	207
0	323
0	218
0	36
0	322
0	234
0	219
0	0
0	325
0	192
0	234
0	53
1	892
0	0
23	327
0	274
0	283
0	226
0	6
0	240
0	270
0	273
0	280
0	242
0	193
8890	1798
0	171
0	210
0	192
0	0
0	257
0	299
0	0
0	267
0	0
0	303
0	45
0	328
0	43
0	308
0	195
0	208
0	0
0	300
0	54
0	320
0	868
0	200
0	0
0	214
0	307
0	286
0	298
0	43
0	222
0	218
1	0
0	0
0	200
0	0
0	222
0	223
0	54
0	36
0	286
0	1
0	304
0	233
0	278
0	45
1	24
0	284
0	304
0	0
0	7
0	278
0	345
0	0
0	220
0	0
0	307
0	311
0	289
0	282
0	0
0	243
0	0
0	1
0	236
0	257
0	317
0	192
0	304
18	190
0	43
0	207
0	325
0	0
0	292
0	300
0	0
0	267
0	253
0	184
0	231
0	294
0	321
0	1093
0	215
0	339
0	192
0	228
0	227
0	0
0	340
0	0
0	44
0	44
0	0
0	189
0	1281
0	105
0	223
0	240
0	44
0	44
0	293
0	1
0	357
0	14
0	0
9	1069
0	54
0	226
0	328
0	44
0	105
0	348
0	286
0	210
0	161
0	18
0	327
0	328
0	1
0	223
0	0
0	36
0	0
0	307
0	261
0	6601
0	328
0	221
0	263
0	577
0	0
0	263
0	18
0	248
0	2138
0	105
0	615
0	251
0	20
0	223
0	0
0	1103
0	0
4	1676
0	161
0	8737
0	262
0	225
0	310
0	253
0	46
0	281
0	266
0	222
0	307
0	1
0	307
0	207
0	0
0	359
0	209
0	249
0	0
0	291
0	0
0	284
0	320
0	167
0	284
0	0
0	327
0	209
0	0
0	171
0	294
0	227
0	289
1	0
0	233
0	222
0	303
0	230
0	105
0	0
0	287
0	292
0	20
1	4734
0	44
0	316
0	233
0	105
0	330
0	205
0	0
0	55
0	0
0	0
0	244
0	0
0	329
9	230
0	202
0	213
0	231
0	223
0	0
0	1
0	266
0	298
0	1
0	1
0	0
53771	90
0	356
0	291
0	0
0	44
0	1480
0	335
0	0
0	181
0	0
0	226
0	223
0	9
0	1
0	320
0	215
0	311
0	233
0	1523
0	44
0	206
0	10
0	3650
0	0
0	45
0	0
0	221
0	46
0	44
5	3886954
0	278
0	1
0	161
0	210
0	219
0	0
0	231
0	189
0	396
0	195
0	0
0	56
0	36
0	356
5	0
0	0
0	220
0	165
0	204
0	310
0	290
0	325
0	226
0	228
0	45
0	40008
0	0
0	291
0	7
0	52
0	323
0	1288
0	0
0	213
0	168
0	0
0	54
0	160
0	234
0	326
0	46
0	54
0	227
0	238
0	298
29	42
0	259
0	44
0	209
0	263
0	0
0	0
0	319
0	252
0	52
0	105
0	2254
0	1
0	215
0	190
0	301
3	0
0	317
0	221
0	208
0	226
0	105
0	0
0	232
0	240
0	221
0	0
0	0
0	33
1	0
0	0
0	0
0	36
0	54
0	355
0	308
0	395
0	316
0	0
0	153
0	207
0	206
0	0
0	151
0	1
0	241
2	1179
0	1
1	0
0	205
0	105
0	162
0	0
0	233
0	0
0	18
0	42
0	306
0	300
0	0
0	235
0	324
0	42
1	1143
0	294
0	294
0	199
0	225
0	0
0	192
0	247
0	280
1	0
0	1
0	306
0	198
0	245
1	2776
0	0
0	248
0	285
0	245
0	1
1	0
0	215
0	45
0	226
0	115
0	219
0	1536
0	304
0	0
0	53
0	105
0	231
0	0
0	291
0	210
0	1
0	0
0	20
0	298
21	237
0	292
0	321
0	197
0	105
0	220
0	323
0	311
0	0
3	24
0	40008
0	189
0	46
0	228
0	0
0	319
0	20
0	325
0	269
0	615
0	45
0	324
0	52
0	1
0	45
0	309
0	316
0	322
0	300
0	342
0	21
0	308
2	869
0	0
0	0
0	105
0	247
0	282
0	309
0	328
0	0
0	6
0	47
0	0
0	271
0	202
0	64
0	218
0	149
0	214
20	233
0	291
0	28
2	1586
0	266
0	193
0	207
0	0
0	292
0	74
0	221
0	220
0	45
0	319
0	225
0	305
0	214
1	780
0	224
0	181
0	0
0	297
0	200
0	215
0	262
0	359
0	295
0	157
0	383
0	0
0	44
0	155
0	0
0	0
0	249
0	179
0	0
0	292
1	1512
0	224
0	248
0	351
0	336
4	24
0	305
0	0
0	335
0	191
0	317
0	0
0	159
0	215
0	401
0	352
0	1
0	295
0	193
0	296
0	53
0	53
0	282
0	315
0	371
0	1
0	279
0	234
0	234
0	250
0	0
0	321
0	319
0	0
0	45
0	227
0	337
0	0
0	1
0	72
0	46
0	0
0	223
0	0
0	0
0	0
0	0
0	0
0	0
0	36
0	294
0	615
0	20
0	366
0	312
0	46
0	318
0	345
0	183
0	0
0	294
0	44
0	14189
0	2049
0	0
0	221
0	312
0	295
1	1512
0	0
0	0
0	45
0	332
0	0
0	300
0	171
4	0
0	44
0	36
0	297
0	249
0	320
0	201
0	325
0	0
0	1
0	340
0	363
0	337
0	204
0	0
0	0
0	319
0	286
2362	150
0	295
0	289
0	326
0	285
0	312
0	229
0	204
0	261
0	233
0	235
0	0
0	0
0	195
0	244
1	2940
0	293
0	641
0	1239
0	245
0	43
0	0
0	346
0	0
0	281
0	292
0	42
0	215
0	222
0	1
0	313
0	36
0	295
0	221
0	306
0	301
0	241
0	225
0	353
0	327
0	231
0	53
0	301
0	0
1	1057
0	280
0	44
0	0
0	290
0	220
0	54
0	226
0	193
0	0
0	44
0	315
6	0
0	262
0	349
0	317
0	1
0	247
0	343
0	220
0	309
0	281
0	300
1	3144
0	239
0	239
297	252
0	18
0	20
0	182
0	0
0	105
0	43
0	207
0	269
0	0
0	157
0	330
28	386
0	0
0	53
0	302
0	300
0	235
0	44
0	246
0	202
0	242
0	1
0	296
1	0
0	302
0	35
0	66
0	251
0	197
0	295
0	27572
0	229
0	328
0	20
0	1909
0	282
0	0
0	213
0	296
1	1731
0	0
0	200
0	297
0	275
0	54
0	105
0	45
0	220
0	0
0	1
0	226
0	302
0	0
5566	864
0	0
0	0
0	233
0	209
0	274
0	0
0	12
0	213
0	208
0	186
0	289
0	879
0	0
0	0
0	53
0	152
0	52
0	219
0	54
0	292
0	301
0	145
0	219
0	59
0	8
0	1
0	157
0	360
0	335
0	1
0	366
0	43
0	310
0	411
0	306
0	641
0	306
0	305
0	232
0	296
0	331
0	5150
0	211
0	220
0	166
0	243
0	105
0	226
0	46
0	224
0	252
0	28
0	56
0	268
0	239
0	153
0	1
0	211
0	205
0	0
0	0
0	287
0	0
0	212
0	225
0	54
0	313
0	212
0	220
0	340
0	1480
0	293
0	0
0	226
0	29
0	215
0	339
0	231
0	304
0	338
0	34
0	383
0	378
0	227
0	234
0	195
0	377
0	233
0	288
0	300
0	1
0	210
0	324
0	297
0	0
1	0
0	54
0	0
0	198
0	1046
0	252
0	184
0	0
0	244
0	205
20	218
0	0
1	0
0	0
0	1439
13	147
0	230
0	290
0	1
0	0
0	269
0	36
0	310
0	0
0	0
0	152
0	264
0	222
0	298
0	230
0	305
0	16787
0	0
0	0
0	318
0	0
0	302
3	1844
0	349
0	309
0	162
0	321
0	20193
0	333
0	354
0	33
0	209
0	349
0	244
0	105
0	237
0	292
0	327
0	331
0	232
0	52
0	295
0	232
0	316
0	0
0	0
0	569
0	323
0	0
0	287
0	302
0	294
0	311
0	227
0	0
0	0
0	314
0	215
0	243
0	19
0	233
0	321
0	232
0	225
0	318
0	298
0	28
0	198
1	11629
1	0
0	221
0	203
2	1507
0	5
1	1541
0	279
0	232
0	687
0	56
1	24
0	304
0	0
0	1092
0	0
0	296
0	239
0	206
0	247
0	232
0	223
0	310
0	227
0	1
0	276
0	339
0	45
0	42
0	249
3	0
0	323
0	190
0	211
0	46
0	56
0	1407
0	230
0	252
0	313
0	204
0	297
0	278
0	296
0	218
0	0
1	2525
0	205
0	1
0	0
0	246
0	287
0	20
0	45
0	422
0	0
0	225
0	0
0	214
0	1
0	373
0	219
0	287
0	0
28	1031
0	229
0	213
0	189
0	0
0	0
0	105
0	52
0	55
0	259
0	0
0	32
0	325
0	238
0	298
0	1
0	393
0	234
0	0
0	224
0	384
0	214
0	335
1	5
0	301
0	774
0	233
0	0
0	194
0	46
0	45
0	208
0	303
0	0
0	209
0	0
0	0
0	195
1	987
0	308
0	11
0	207
0	158
0	0
0	342
0	45
0	0
0	18
0	277
1	0
0	221
0	0
0	42
0	211
0	206
0	7012
0	55
0	0
0	0
0	306
0	213
2	0
0	672
0	0
0	205
0	48
2	0
0	48
0	323
0	251
0	339
0	301
0	0
0	368
0	0
0	0
0	0
0	46
0	0
0	42
0	208
0	105
0	677
0	240
0	0
0	303
0	0
0	52
0	251
0	303
0	36
2	0
0	0
1	6
1	957
0	105
0	0
0	296
0	319
0	44
0	28
0	0
0	53
0	307
0	192
0	305
0	105
0	0
0	177
0	321
0	185
0	217
0	20
0	272
23	152
0	81
0	343
0	233
0	343
20	224
0	216
0	232
0	36
0	265
0	36
0	0
0	242
1	1006
0	309
0	0
0	1
0	303
0	0
0	286
0	0
0	0
0	299
0	1566
0	231
0	22
0	320
5	812
0	285
3	991
0	322
0	0
0	20
1	1613
0	0
0	1
0	367
0	344
0	306
0	280
0	45
0	303
0	203
0	325
0	311
0	0
0	255
0	1488
0	237
0	220
0	41
0	233
0	316
0	687
0	20
0	44
0	205
0	0
1	10804
0	317
0	1
0	0
0	295
0	46
0	1
0	501760
0	20
0	336
0	0
0	0
0	20
0	314
0	202
0	0
0	55
0	0
0	44
0	154
0	115
0	2407
0	42
0	53
0	353
0	0
0	687
0	301
0	321
0	236
0	0
0	0
0	224
0	308
0	218
0	241
0	202
0	330
0	1
0	199
0	1
0	225
0	353
0	219
0	241
0	209
0	318
0	237
0	195
0	302
0	30204
0	310
0	54
0	233
0	44
0	0
0	212
0	245
0	0
0	44
0	204
0	190
0	206
0	10
0	1
7	0
0	350
0	328
0	18
0	40008
0	0
0	252
0	211
0	306
0	230
0	285
0	44
0	300
0	315
0	0
3616	998
0	0
0	47
0	277
0	219
1	0
0	271
0	238
0	0
0	0
0	228
0	231
0	303
0	921
0	20
0	53
0	231
0	196
0	380
0	198
0	318
0	228
0	20
0	306
0	284
0	0
4	0
0	54
0	55
0	44
0	309
0	217
0	310
0	43
0	44
0	246
0	45
0	1
0	198
0	189
1	0
0	881
0	240118
0	0
0	0
0	53
0	1010
0	0
0	219
0	993
0	211
0	252
0	0
0	310
0	44
0	321
0	222
0	1
0	207
0	1037
0	1595
0	1
0	44
0	42
0	44
0	18
0	286
0	174
0	334
0	282
0	0
1	645
0	293
0	320
0	42
0	288
0	252
0	105
0	191
0	249
0	0
0	0
0	243
0	0
0	209
0	54
0	8
1	785
0	320
2	0
0	265
136	183
0	229
0	219
0	7
0	339
0	291
0	212
0	44
0	342
0	46
0	0
0	44
0	220
0	45
0	216
1	0
0	197
0	45
0	0
0	1
0	181
2	844
0	0
0	234
0	30
0	36
0	0
0	0
0	214
0	207
0	332
0	302
0	0
0	318
0	53
0	44
63	170
0	1
0	200
0	200
0	335
3	0
0	342
0	225
0	0
0	1
0	296
0	333
0	330
0	1
0	232
0	44
0	54
0	868
0	252
3	0
0	0
0	0
0	215
0	227
0	301
0	45
1179	146
0	313
0	334
0	322
0	328
0	291
0	0
0	0
0	54
0	304
0	249
0	227
0	0
0	349
0	18
0	234
0	0
0	272
0	215
0	213
0	205
0	208
0	45
0	244
3	24
0	302
0	215
4	24
0	231
0	1
3	0
0	219
0	250
0	325
0	348
0	317
0	615
0	238
0	324
0	253
0	308
0	22
0	242
0	278
0	43
0	44748
0	321
0	327
0	294
0	868
0	95
0	256
0	0
0	221
0	0
0	288
0	305
0	105
0	217
0	39276
3	0
0	273
0	286
0	4508
0	0
1	0
0	44
5	0
0	306
0	236
0	245
0	1
0	242
0	260
0	0
0	231
0	2346
0	484
0	207
0	298
0	307
0	308
0	0
0	313
0	313
0	0
0	220
0	298
0	8
0	356
0	287
0	320
3	0
0	273
0	330
0	0
0	232
0	209
0	1315
0	214
0	217
2	0
0	303
0	312
0	0
0	310
0	0
0	0
0	336
0	267
0	284
0	45
1	1141
0	266
0	235
0	0
0	348
0	46
0	0
0	336
0	255
0	772
0	295
0	217
0	0
0	0
0	0
0	0
0	220
0	270
0	1012
0	0
0	208
0	0
0	186
0	327
0	224
0	0
0	55
0	276
0	232
0	343
0	316
0	225
0	237
0	191
0	201
0	334
0	239
0	0
0	1085
0	14
0	129862
0	2799
0	43
0	316
0	283
1	6
0	212
0	323
0	6
0	285
0	165
0	291
0	239
0	218
0	52
0	20
0	214
0	0
0	45
0	1271
0	20
5	0
0	236
0	28
0	223
0	236
0	0
0	54
0	223
0	20
0	0
0	204
0	105
0	265
0	208
0	45
0	225
0	291
2	24
0	0
0	0
0	159
0	247
8	0
0	286
0	224
0	309
0	327
0	464
4497	831
0	313
0	332
0	0
0	30
0	1
0	30
0	215
0	225
0	205
0	366
0	105
0	7940
0	316
0	210
0	217
0	200
0	290
0	208
0	226
0	1
0	0
0	51
0	227
0	199
0	306
0	336
0	313
0	0
0	236
0	309
0	352
0	310
0	163
0	288
57	50
0	1
0	0
0	250
0	214
0	0
0	0
0	222
0	207
0	213
0	330
0	204
0	0
0	304
0	307
0	332
0	293
0	166
0	302
0	207
0	287
0	0
0	335
0	0
0	232
0	289
0	200
0	44
0	225
0	0
0	0
0	12
0	1
0	229
0	0
0	0
0	293
0	0
0	221
0	212
0	334
0	235
0	0
0	279
0	42
0	36
0	307
0	212
0	0
0	297
0	222
0	105
0	1
0	197
0	209
0	231
0	0
0	222
0	35
0	1
0	178
0	194
0	232
0	868
0	194
0	43
0	228
0	314
0	45
0	268
0	1
0	298
0	197
0	0
0	331
0	0
0	0
0	344
0	391
0	921
0	292
0	1
0	46
0	0
0	303
0	30
0	295
0	0
0	1
0	305
0	202
0	322
0	0
0	332
0	46
0	1
0	212
0	18
0	0
0	306
0	105
0	301
0	214
0	239
0	250
0	305
0	0
0	0
0	55
0	302
0	46
0	1058
0	344
0	334
0	329
0	170
0	785
0	0
0	208
0	208
0	300
0	326
0	184
0	192
0	0
0	236
0	216
0	311
0	293
0	0
0	244
0	44
0	238
0	0
0	338
4928	1095
0	44
0	1
0	663
0	283
0	345
0	0
2	0
0	277
0	279
0	323
0	214
0	205
0	46
0	235
0	190
0	244
0	244
0	344
0	304
0	230
0	45
0	54
0	173
0	228
0	297
0	221
0	44
2	1043
0	237
0	105
11	6
0	321
0	55
0	8
0	151
0	333
0	345
0	0
0	43
0	321
0	242
0	215
0	299
0	204
0	0
0	235
0	0
0	294
0	55
0	251
0	1
0	0
0	1
0	2027
0	233
0	54
0	226
0	1480
0	338
2	1372
22	227
0	302
0	218
0	252
0	40008
0	46
0	246
0	0
0	1
1	1689
0	45
0	43
0	224
0	232
0	342
0	217
0	216
27	326
1	0
0	53
0	306
0	204
0	18
0	303
0	240
0	344
0	326
0	317
0	0
0	324
0	432
0	0
0	288
1	1564
0	0
0	306
0	40
1	15
0	299
0	121
0	251
0	192
0	0
0	219
0	18
0	20
0	256
0	358
0	0
0	0
0	338
0	315
0	20
0	322
22	218
0	324
0	1
0	55
0	304
0	20
2	673
0	150
0	45
0	240
0	293
0	287
0	235
0	46
0	233
0	340
0	258
0	74
0	52
0	279
0	779
0	329
0	45
0	16115
0	339
0	280
0	298
0	59
0	10
0	0
0	0
0	0
1	853
0	0
0	43
0	1
0	28
0	0
0	0
0	0
0	206
0	359
0	204
2	24
0	353
0	0
0	312
0	308
0	105
0	357
0	232
0	46
0	1
0	1
0	272
0	158
0	0
0	202
0	217
0	1
0	396
0	2867
0	0
0	46
0	0
0	233
0	207
0	227
0	219
0	278
0	1
0	200
0	321
0	1
0	105
0	222
0	241
0	0
0	0
0	237
0	45
0	12324
0	217
0	0
0	226
0	310
0	0
0	0
0	195
0	304
0	233
0	2512
0	0
0	214
0	42
0	307
0	43
0	44
0	298
0	0
0	0
0	322
0	53
1	885
0	0
0	225
0	222
0	312
0	342
2	24
0	339
0	233
0	155
0	386
0	44
0	1
0	284
0	217
0	0
1	1158
0	42
0	197
0	1
0	1
0	160
0	305
0	0
0	244
0	279
0	205
0	0
0	204
0	243
0	314
0	1
0	1467
0	20
0	54
0	202
0	40008
0	46
0	0
0	0
0	304
0	296
0	42
0	239
0	44
0	223
0	324
0	34
0	309
0	234
0	10
0	2012
0	0
0	287
0	273
0	311
0	314
0	55
0	285
0	304
0	228
0	0
0	336
0	0
0	218
0	20
0	7
0	306
0	170
0	0
0	0
0	33
0	148
0	292
0	44
0	304
0	36
0	314
0	267
0	206
0	221
0	1
0	0
0	321
0	246
0	0
0	44
0	305
0	190
0	11
0	302
0	207
0	220
0	230
0	210
1	192
0	219
0	241
0	51
0	327
0	300
0	18
0	291
0	45
0	105
0	52
1	0
0	315
0	229
0	280
0	0
0	687
0	45
0	45
0	46
1	1692
0	42
0	218
0	1991
0	232
0	228
0	1797
0	1
0	1
0	0
1	0
0	0
0	52
0	54
0	0
0	1
0	219
1	1617
0	0
0	230
1	1031
0	854
0	194
0	45
0	273
0	51
0	44
0	1
0	0
0	307
0	232
0	309
0	283
0	351
0	258
0	294
0	222
0	263
0	904
0	205
0	44
0	303
0	212
0	311
0	0
0	46
0	321
0	335
0	299
0	53
1	1881
0	332
0	10389
0	46
0	168
2359	146
0	219
0	289
0	2813
0	0
0	207
0	324
0	18
0	316
0	0
0	1447
0	46
0	243
0	289
0	4226
0	301
0	303
0	0
0	225
0	1
1	1316
0	6581
0	46
0	192
0	53
0	1
1	0
0	290
0	312
0	302
0	181
0	289
0	164
0	205
0	209
0	281
0	226
0	213
0	205
0	105
0	215
0	64
0	313
0	310
0	359
0	238
0	45
0	0
0	329
0	286
0	54
0	294
0	273
0	236
0	42
0	564
0	336
0	312
0	339
0	0
0	242
0	178
0	240
3	24
0	260
0	0
0	54
0	1
0	0
0	193
0	319
0	0
0	255
0	206
0	314
0	1
0	55
0	336
0	0
0	206
0	45
0	43
0	210
0	338
1	0
0	48
0	0
0	231
0	202
0	202
0	306
1	0
0	86
0	242
0	306
0	204
0	1
0	294
0	53
0	0
0	0
0	687
0	250
0	332
0	40
0	321
0	1397
0	105
0	0
0	231
0	0
0	1
1	0
1	0
0	45
0	61
0	0
0	283
0	223
0	330
0	4943
0	0
0	215
0	228
0	218
0	8
0	283
0	192
0	0
0	1626
0	310
0	338
0	212
0	165
3	269
0	1
0	179
0	202
0	45
0	42
0	304
0	229
0	0
0	314
0	300
1	0
0	281
0	42
0	0
0	257
0	265
0	1
0	306
0	289
0	307
0	43
0	46
0	335
0	105
0	0
0	714
0	0
0	202
0	214
0	0
0	254
0	319
0	314
0	319
0	173
0	53
0	196
0	45
0	328
0	218
0	44
0	321
0	291
0	55
0	304
0	229
0	314
0	44
0	0
0	20
0	42
0	229
0	231
0	341
0	323
0	105
0	0
0	312
0	191
0	0
0	283
0	42
0	300
0	281
0	148
0	53
0	53
0	239
0	335
0	11
0	351
0	318
0	1239
0	0
5	0
0	281
0	255
0	228
0	219
0	0
0	1
0	215
0	212
0	1
0	218
0	341
0	45
214	167
0	0
0	227
0	224
0	224
0	217
0	45
0	43
0	0
0	223
0	231
0	284
0	261
0	30
0	274
0	0
0	287
0	1
0	235
0	209
0	1
0	20
0	0
0	313
0	28
3	0
0	218
0	240
0	54
0	1
0	81
0	299
0	289
0	289
0	1918
0	306
0	10389
0	326
0	206
0	20
0	292
0	44
0	350
0	8
0	1
0	172
0	857
0	245
0	105
0	1
0	45
0	203
0	43
0	162
0	230
0	0
0	0
6	0
0	0
0	376
0	217
0	232
0	0
0	310
0	42
0	0
0	335
0	308
0	263
0	53
0	42
0	55
0	0
0	234
0	197
0	181
22174	13948
0	190
0	0
0	55
0	0
0	1
0	299
0	353
0	0
0	322
0	0
0	312
0	220
0	0
0	105
0	7074
0	0
0	105
0	15377
0	1
0	330
0	914
0	223
0	229
0	215
0	0
0	220
0	294
0	1
0	0
0	0
0	0
0	313
0	221
0	249
0	44
0	1148
0	174
0	36
0	54
0	210
0	55
0	0
0	207
182	334
0	321
0	302
0	216
0	52
0	281
0	0
0	205
0	46
0	230
0	279
0	240
0	314
0	288
0	43
0	46
0	48
0	199
0	29
0	291
0	30
0	77
0	219
0	345
0	0
0	282
0	354
0	248
0	0
0	0
0	145
0	0
0	296
0	321
0	246
0	242
0	209
0	315
0	249
0	8
0	43
0	266
0	0
0	44
1	0
0	54
0	243
0	152
0	233
0	235
0	54
0	0
0	8173
0	105
0	355
0	308
0	105
0	44
0	221
0	30
0	0
0	356
0	245
0	248
0	44
0	310
1	0
0	217
0	45
0	197
0	214
1	7184
0	282
0	327
20	222
0	262
0	253
0	161
0	201
0	0
0	1
0	322
0	206
0	215
0	294
0	54
0	0
0	324
0	336
0	241
0	319
0	250
0	321
0	385
0	0
0	280
0	241
0	362
0	303
0	243
0	18
23	287
0	207
0	324
0	224
0	99
0	225
0	0
0	286
0	200
0	0
0	43
0	349
0	1
0	328
0	0
0	221
0	335
0	189
0	0
0	0
0	1
0	1
0	324
3	0
0	20
0	0
0	0
0	305
0	219
0	261
0	46
0	199
0	20
0	56
0	1030
0	52
0	45
0	242
0	55
0	197
0	292
0	305
0	275
0	28
0	74
0	455
0	254
0	326
0	54
0	319
0	316
0	259
0	55
0	0
0	200
0	321
0	0
0	174
0	1
0	54
0	282
0	255
0	8
0	223
0	246
0	293
2	0
0	0
49	217
0	305
0	295
0	0
0	8
0	0
0	20
0	217
0	164
0	303
0	0
0	299
0	20
0	223
0	271
3	0
0	54
0	240
0	226
0	354
0	105
0	1
0	202
0	223
0	0
0	227
0	29
0	228
0	250
0	339
0	53
0	215
0	171
0	267
0	75
1	0
0	224
0	868
0	20
0	42
0	237
0	311
0	330
0	0
0	339
0	1627
0	0
0	306
0	364
0	238
0	54
0	317
0	42
0	324
0	288
0	52
0	249
0	44
0	44
0	0
0	171
0	165
0	203
0	717
0	0
0	53
0	44
0	273
1	0
0	240
0	52
0	343
0	243
0	105
0	292
0	260
0	1
0	312
0	0
0	296
0	1
0	293
0	45
0	1480
0	42
0	44748
0	362
440	257
0	0
0	0
0	349
0	29
0	292
0	313
0	687
0	144
0	0
1	1677
0	179
0	228
0	219
0	292
0	0
1	745
0	311
0	0
0	0
0	0
0	213
0	249
0	319
0	206
0	188
0	321
0	1
0	20
0	301
0	206
0	377
0	305
1	4329
0	0
0	308
0	213
0	249
0	0
0	40008
0	0
0	204
0	291
0	0
0	269
0	523
0	45
0	147
0	281
0	199
0	293
0	1
0	301
0	46
0	214
0	223
0	43
0	218
0	0
0	308
0	310
0	319
0	1
4	1411
0	218
0	1382
0	1
0	209
5	0
0	0
0	304
0	310
0	1
0	365
0	45
0	43
0	206
0	20
0	1212
0	0
0	724
0	231
0	284
20	408
0	206
0	235
0	331
0	32
0	0
0	0
0	219
0	197
0	43
0	319
0	296
0	0
0	293
0	147
0	244
0	0
0	105
0	44
0	36
0	280
0	226
0	1
0	46
0	312
0	105
0	204
0	204
0	0
0	336
0	305
0	282
160	327
0	18
0	289
0	192
0	105
0	305
0	313
0	297
0	259
0	0
0	225
0	223
1	1206
0	199
0	34
0	12
1179	146
0	46
0	641
0	302
0	225
0	0
0	296
0	328
0	1515
0	236
0	207
0	265
0	55
0	160
0	8
0	0
0	0
0	231
0	322
0	173
0	217
0	232
0	43
0	350
0	0
1	24
0	105
0	202
0	0
0	296
0	243
0	240
0	223
0	250
0	1892
0	203
0	30
48	292
0	235
0	45
0	302
0	0
0	0
0	241
0	287
0	293
0	293
0	242
0	0
0	285
0	0
0	0
0	0
0	160
0	215
0	201
0	40008
2	0
0	2956
0	229
0	36
0	0
0	323
0	0
0	216
0	367
0	0
0	204
0	53
2	24
0	312
0	0
0	107
0	0
0	328
1	1216
0	53
0	203
0	44
0	213
0	323
0	342
0	329
0	345
0	176
0	105
0	0
0	43
0	297
0	351
0	242
0	198
0	234
0	0
0	316
0	208
0	36
0	230
0	290
0	206
0	347
35	660
0	313
0	0
0	53
0	42
0	268
0	275
0	2586
2	24
0	204
0	44
0	0
0	1
0	1
0	45
0	641
0	329
0	45
0	204
0	0
0	198
0	237
0	190
0	185
0	292
0	256
0	251
0	0
0	328
0	280
0	308
0	230
0	306
0	302
0	43
0	306
0	197
0	312
0	313
0	0
0	338
0	293
0	0
0	254
0	0
0	214
0	56
0	322
0	6932
0	224
0	233
0	43
0	224
0	216
0	1
0	248
0	44
0	240
0	21
0	225
0	0
0	81
0	209
0	814
0	0
0	329
0	223
0	1
0	828
0	198
0	160
0	341
0	241
0	211
0	212
2	1288
0	235
0	0
0	43
0	18
0	46
0	1
0	309
0	328
0	291
0	295
0	18
0	313
0	478
0	265
0	190
0	248
1	2564
0	956
0	259
0	199
0	8
0	53
0	0
0	324
0	0
0	331
0	238
0	20
0	218
0	323
2	1040
0	1
0	207
0	46
0	227
0	235
0	1
0	35
1	0
0	306
0	247
0	1480
0	46
0	221
0	53
0	349
0	44
0	294
0	105
0	205
0	53
0	18
0	53
99	278
0	318
0	334
0	292
0	254
0	304
0	212
0	687
0	323
0	266
0	1
0	261
0	299
0	284
0	221
0	313
0	230
0	208
0	0
0	307
0	10008
0	0
0	207
0	0
0	0
1	0
0	0
0	55
0	298
0	45
0	1371
0	22
0	18
0	251
0	234
0	20
0	209
1	1885
0	9311
0	212
0	0
0	44
0	0
0	290
1	1222
0	175
0	252
2	24
0	45
0	54
0	223
0	44
0	222
0	215
0	241
0	1175
0	46
0	18
0	197
0	197
0	229
0	1
0	329
0	214
0	363
0	173
0	53
2	0
0	54
0	0
0	246
0	52
0	212
0	305
0	307
0	18
0	290
0	274
3	0
0	0
0	7162
0	351
0	226
0	216
0	0
0	54
0	261
1	3787
0	0
0	194
0	42
0	54
0	0
0	0
0	289
0	20
0	340
0	324
0	207
0	818
0	208
0	318
0	244
0	308
0	292
0	287
0	212
4	24
0	237
0	54
0	232
0	249
0	55
0	1
0	240
0	337
0	0
0	231
0	205
0	210
0	275
0	16196
0	160
1	6
0	296
0	306
0	0
0	0
0	303
0	1
0	321
0	279
0	46
0	105
0	261
0	0
0	0
0	105
0	336
0	20
1	1520
0	325
0	105
0	326
0	0
0	209
0	189
0	209
0	0
0	204
0	1761
0	200
0	313
0	45
0	492
0	211
0	312
0	224
0	311
0	213
0	296
0	261
0	313
0	221
0	1
0	44
0	46
0	0
0	45
0	274
1	0
0	222
0	211
0	0
0	263
0	263
0	35
0	0
0	52
0	105
0	201
0	0
1	1304
0	0
0	286
0	330
0	105
0	613
0	293
0	308
0	219
0	164
0	315
0	315
0	251
0	225
0	1
0	1
0	342
0	247
0	320
0	301
59	321
0	53
0	302
0	206
0	281
0	221
0	0
315	198
0	0
1	1302
0	42
0	242
30	327
0	0
0	291
0	0
0	282
0	235
0	251
0	299
0	236
0	323
0	30
0	0
0	3136
0	219
0	1
0	318
0	46
0	45
0	228
0	299
0	350
0	18
0	1
0	105
0	293
0	0
0	288
0	30
0	0
1	0
0	105
0	192
0	177
0	253
0	0
0	295
0	1
23	292
0	36
0	342
0	335
0	0
0	0
0	263
0	243
0	30
0	547
0	54
0	218
0	299
0	30774
0	0
0	218
0	327
0	206
0	290
0	0
0	299
0	32813
0	16787
0	18
2	24
0	220
0	194
0	314
0	261
0	0
0	44
0	45
0	7673
0	159
0	53
0	321
0	615
0	0
0	246
0	105
0	214
0	320
0	222
0	0
0	240
0	299
0	1
0	263
1	0
0	1231
0	0
0	18
0	258
0	2742
0	201
0	220
0	308
0	0
0	0
0	233
0	266
0	295
0	256
0	285
0	0
26	721
0	294
0	353
0	215
0	188
0	317
0	376
0	53
0	1
0	209
0	0
0	321
0	159
0	355
0	0
0	14
0	204
0	1
0	190
0	93
0	280
0	317
0	195
0	1
1	0
0	46
0	181
0	285
0	51
0	1
0	1
0	286
0	286
0	280
0	331
0	383
0	1
0	46
0	214
0	303
0	282
0	0
5	0
0	258
0	0
0	286
0	254
0	332
0	309
0	0
0	56
0	15377
0	206
0	316
0	105
0	324
0	204
0	1
0	43
0	207
0	229
0	323
0	170
0	343
0	260
0	367
0	215
0	46
0	294
0	0
0	266
0	306
0	44
0	105
0	43
2	0
0	340
0	46
0	205
0	36
0	21
0	275
0	56
116	226
0	213
0	46
0	0
0	105
0	1
0	296
0	319
0	197
0	330
0	1
0	0
0	210
0	214
0	207
0	1
0	54
0	53
0	247
0	43
0	214
0	1
0	20
0	346
0	45
0	297
0	322
0	0
0	168
0	0
0	1
0	205
0	220
0	216
0	208
0	1
0	235
0	233
0	105
0	355
1	648
0	55
0	53
0	28
0	196
0	43
0	287
0	45
0	305
0	257
0	188
0	269
0	307
0	1
0	54
0	197
0	749
0	1
0	223
0	257
0	0
0	221
0	369
0	321
0	0
0	0
0	204
0	227
0	320
0	8
0	227
0	0
0	317
0	209
0	0
0	421
0	248
0	88382
0	250
0	245
0	235
0	232
0	307
0	221
0	303
0	36
0	292
0	243
0	266
0	776
0	0
0	307
0	1
0	292
1	1077
0	298
0	43
0	6408
0	309
1	1441
0	0
0	687
0	319
0	178
0	0
0	305
0	153
0	0
0	206
0	0
0	52
0	333
0	46
0	28
0	360
0	2664
0	324
0	0
0	219
0	173
0	55
0	229
0	213
0	297
0	218
0	234
0	338
0	0
0	0
0	292
0	0
0	252
0	77332
0	358
0	0
0	240
0	301
0	1
0	55
5	1824
1	13334
0	288
0	235
0	1
0	212
0	312
0	0
0	229
0	199
0	293
0	141
0	0
0	8173
0	266
0	55
0	334
0	642
0	271
0	200
0	212
0	232
0	336
0	0
0	43
0	1
0	208
0	280
0	0
0	151
0	43
0	231
65	168
0	260
0	206
0	0
0	0
1	0
3	0
0	315
1	0
3	4247
0	0
0	150
0	1
0	45
0	221
6	5772
0	237
0	0
1	0
0	305
0	336
0	232
0	20
0	54
0	205
0	309
0	326
0	311
0	1698
0	1
0	0
0	192
0	208
0	52
0	240
0	0
0	105
0	245
0	175
0	1588
0	221
0	6601
0	210
0	307
0	5
0	289
0	157
0	385
0	0
0	54
0	314
0	203
0	15722
0	211
0	383
0	328
1	1121
0	228
0	205
0	721
0	209
0	44
0	43
0	292
0	20008
0	0
0	214
0	0
0	42
0	310
0	205
0	249
0	0
0	18
0	352
0	200
0	227
0	336
0	206
94	1040
0	46
0	20
0	239
0	18
0	326
0	218
0	339
0	215
0	395
0	55
0	0
0	105
0	53
0	205
0	337
0	226
0	0
0	337
0	192
0	177
0	201
1	1146
0	36
0	55
0	0
0	44
2	2036
0	0
0	0
0	311
0	240
0	44
0	1
0	2380
0	877
0	311
0	221
0	0
0	0
0	0
0	210
0	322
0	4237
0	252
0	221
0	220
0	18
0	306
0	239
0	0
0	213
0	227
0	230
0	279
0	237
0	142
0	162
0	217
0	247
0	317
0	0
0	212
0	0
0	8
0	21
0	237
0	299
0	3831
0	280
0	0
0	0
0	238
0	191
0	7
0	317
0	0
0	209
0	223
1	0
0	0
0	18
0	261
0	233
0	224
0	1
0	290
0	0
0	0
0	243
0	44
0	164
0	1296
0	687
0	201
0	0
0	204
0	53
0	287
0	42
0	209
0	44
0	1
0	300
0	218
0	53
0	334
0	0
0	45
0	0
0	0
0	1004
0	292
0	291
0	0
0	221
0	210
0	347
0	230
0	1
0	336
0	0
0	342
0	293
0	222
0	0
0	1480
0	0
26	281
0	236
0	296
0	296
0	217
0	271
0	216
0	282
0	211
0	284
0	0
0	259
0	1
0	196
0	46
0	314
0	301
0	217
0	53
0	192
0	0
0	0
0	1
0	232
0	1
0	208
0	53
0	218
0	604
0	267
0	251
0	0
0	53
0	0
0	271
2	0
0	0
0	221
0	40008
0	340
0	301
0	70
0	297
0	313
0	0
0	265
0	45
0	190
0	20
0	315
0	1
0	242
0	356
0	320
0	0
0	0
0	214
0	29
0	213
0	289
0	216
0	5
0	43
0	295
0	0
0	200
0	44
0	18
0	198
0	0
0	0
4	1684
0	970
0	55
0	641
0	238
0	0
0	225
0	216
0	238
1	0
0	292
0	239
0	0
0	214
0	105
0	225
0	1
0	284
0	195
0	0
0	0
1	0
0	232
0	20
0	321
0	0
0	223
0	0
0	0
0	226
0	262
0	0
0	201
0	301
0	1
0	44
0	221
0	53
5	0
0	284
0	314
0	315
0	213
0	180
0	282
0	219
0	298
0	44
0	0
0	0
0	210
0	220
0	29
0	227
0	321
0	44
0	0
0	932
0	209
0	0
0	304
0	1862
117	287
0	0
0	0
0	265
0	0
0	48
0	253
0	1
0	2680
0	43
0	343
0	296
0	508
0	226
0	238
0	44
0	53
0	0
0	333
0	299
0	302
0	163
0	307
0	55
31	227
0	283
0	2318
0	301
0	305
0	0
0	212
0	221
0	355
0	44
1	970
0	0
0	206
0	204
1	0
0	294
0	320
0	219
0	225
0	288
0	9
0	225
0	0
0	213
31	97
0	218
0	302
8	24
0	8
0	231
0	0
0	1
0	0
0	422
0	328
0	222
0	0
0	47
0	318
0	193
0	0
0	346
0	43
0	264
0	18
0	533
0	0
0	0
0	245
0	42
0	294
0	1
0	0
0	0
0	0
0	306
0	290
0	238
0	0
0	220
0	309
0	0
0	296
5	1052
0	197
0	66
0	44
0	228
0	237
1	0
0	18
0	1339
0	262
0	209
0	43
0	0
9	24
0	192
0	53
0	312
0	209
0	44
0	0
0	44
0	219
0	227
0	230
0	198
0	286
0	221
0	0
0	1081
0	222
0	196
0	2574
0	194
5431	846
3	0
0	0
0	44
0	223
0	197
0	252
0	241
0	47
0	300
0	46
0	280
0	13
0	309
0	0
3	24
0	325
0	3601
0	164
0	0
0	324
0	326
23	285
0	7658
0	53
0	0
0	45
0	254
0	332
126	644
0	225
0	308
0	291
0	266
0	55
0	0
0	92566
0	225
0	154
0	314
0	0
0	0
3	0
0	1435
0	189
0	322
0	321
0	0
0	289
0	222
0	54
0	303
0	223
0	336
0	0
0	303
0	0
0	0
0	0
0	295
0	301
0	281
0	209
0	201
0	250
0	287
0	0
0	288
0	229
0	200
0	306
0	232
0	303
0	206
0	42
0	302
0	249
0	387
0	45
0	211
0	226
0	53
0	56
0	194
0	299
0	245
0	212
0	283
0	234
0	0
0	244
0	0
0	0
0	1
0	36
0	263
0	295
0	316
0	283
0	8
0	303
0	0
0	316
0	59
0	79
0	0
0	216
0	283
0	279
0	687
0	164
0	0
0	248
0	239
0	214
0	222
0	2470
0	7
2	24
0	246
0	28
0	264
0	0
0	9
0	280
0	232
0	307
0	0
26	364
0	292
0	738
0	320
0	171
0	353
0	206
0	18
0	276
10	11601
0	241
0	228
0	44
0	231
0	227
0	175
0	226
0	319
0	254
0	287
0	294
0	0
0	224
0	304
0	46
0	323
0	393
0	304
0	11728
0	0
0	319
0	183
0	331
0	333
0	180
28	942
0	293
0	296
0	0
0	248
0	280
0	44
0	222
0	153
0	312
0	229
0	261
0	105
0	209
0	53
0	5707
0	0
0	282
0	200
0	242
0	44
0	45
10499	27472
0	52
0	216
0	207
0	8
0	329
0	1
0	28
0	12241
0	31
0	227
0	242
0	0
0	235
0	0
0	219
0	226
0	53
0	774
0	293
0	217
0	53
0	233
0	105
0	215
0	319
0	1480
0	54
0	197
0	1
0	223
0	0
0	0
0	205
0	28
0	294
0	105
0	39259
0	54
0	228
0	238
0	188
0	43
0	105
0	310
0	45
0	243
0	247
0	197
0	241
0	105
0	200
0	44
0	312
0	77
0	1050
0	0
0	1396
0	0
0	0
0	232
0	11
0	301
0	333
0	368
0	54
1	4321
0	196
0	1854
0	312
0	0
2	1677
0	256
0	45
0	0
0	1
0	312
0	0
0	0
0	364
0	0
0	303
0	278
0	286
0	0
0	0
0	255
0	36
0	0
0	5336
0	252
0	227
0	20
0	311
0	206
0	307
0	0
0	44
0	229
0	215
0	0
0	316
0	17
0	309
0	44
0	323
0	308
0	248
0	236
0	1
0	302
0	286
0	322
0	0
0	42
0	4753
0	276
0	199
0	336
0	209
0	216
0	334
0	42
0	202
0	45
0	236
0	232
0	214
0	69
0	181
0	1
0	246
0	52
0	44
0	221
0	45
0	300
2	18158
0	788
0	324
0	307
0	1151
0	308
0	981
20	232
0	105
0	286
0	218
0	183
0	293
0	262
0	184
0	296
0	105
1	48181
0	215
0	201
0	312
0	1
0	44
0	229
0	319
0	0
0	314
0	44
0	213
0	53
0	8
0	283
0	289
0	199
96	292
0	264
0	170
0	316
0	18
0	46
0	260
0	20
0	243
5	0
2	1871
0	105
0	0
0	344
0	278
0	1096
0	294
0	44
0	279
0	307
0	310
0	223
0	0
0	251
0	154
3	24
0	178
0	44
0	310
0	335
0	1
0	312
0	319
0	272
0	54
0	226
0	54
0	286
0	868
0	20
0	0
0	0
0	46
0	305
0	261
1	1661
0	0
0	52
0	44
2	4816
0	105
0	297
0	301
0	287
0	237
0	8
0	319
0	332
0	0
0	287
0	54
0	143
0	286
0	2134
0	262
0	222
0	194
0	299
0	324
0	211
0	287
0	293
0	34
0	232
0	256
0	337
0	312
0	292
0	36
0	2056
0	307
0	219
0	164
0	230
0	320
0	235
0	303
0	298
0	188
0	347
0	221
0	332
0	334
0	322
0	45
1	1659
0	1
0	0
0	219
0	327
0	195
0	273
0	1
0	243
0	55
0	251
0	352
0	175
0	105
0	220
0	18
0	192
0	194
0	316
0	288
1	1206
0	236
0	45
0	364
0	0
0	229
0	210
0	244
0	226
3702	44
0	428
1	0
0	45
0	235
0	317
0	0
0	228
0	197
0	248
0	300
0	1480
0	348
0	333
0	322
0	44
0	293
3	255
0	0
0	233
0	245
0	2653
0	296
0	191
0	280
0	868
2	24
0	0
0	317
0	289
0	290
0	0
0	204
0	15
0	324
0	54
0	0
0	220
0	0
0	0
0	233
0	234
0	1
0	271
0	207
0	0
0	224
0	206
0	233
0	307
0	222
0	8
0	10
0	286040
0	334
0	308
0	303
0	0
0	56
0	1
0	46
0	0
0	219
0	20
35	145
0	340
0	0
0	193
0	0
0	0
0	242
0	226
0	263
1	1651
0	105
3	24
0	50
0	318
0	208
0	325
1	870
0	221
0	10
0	43
0	182
0	192
0	210
0	7233
0	0
0	672
0	259
0	105
0	292
0	237
0	0
0	1
0	147
0	43
0	296
0	53
0	331
0	0
0	296
0	206
0	206
0	45
0	105
0	163
0	0
0	44
0	259
0	2908
0	0
0	233
0	228
0	211
0	0
6	251
0	309
0	54
0	355
0	321
0	105
0	0
15	110
0	303
0	30
0	0
0	335
0	200
39	270
0	256
141	295
0	179
0	303
1	1411
0	196
0	18
0	46
0	105
1	2686
0	313
0	211
0	217
0	315
0	177
9	280
0	641
0	1
0	205
0	105
0	228
0	864
0	329
0	233
0	10389
0	55
0	297
0	318
0	20
0	249
0	347
0	320
0	290
0	0
0	223
71	184
0	292
0	204
0	216
0	281
0	0
0	326
0	44
0	326
0	45
0	242
0	294
0	1074
0	221
0	0
1	0
0	0
0	223
0	252
0	269
0	0
0	211
0	273
0	201
0	0
0	217
0	278
6	0
0	740
0	0
0	7940
0	18
0	43
0	42
0	0
0	226
0	45
0	192
0	46
0	309
0	0
0	325
0	46
0	303
1	1479
0	0
0	304
0	311
0	185
0	344
0	212
0	260
0	276
2	667
0	253
0	273
0	0
0	225
0	213
0	298
0	153
0	385
0	151
0	53
0	615
0	324
0	239
0	217
0	303
0	279
0	216
1	1309
0	351
0	36
0	295
0	0
0	2183
0	0
0	45
0	0
0	0
0	218
0	219
0	223
0	274
0	0
0	298
0	330
0	46
0	291
0	181
0	193
0	227
0	228
0	0
0	250
8	24
0	30
0	237
0	235
4	1961
0	0
99	4455
2	24
0	0
0	214
0	1
0	0
0	1376
0	46
0	257
0	45
2	723
0	0
0	274
0	304
0	297
0	320
0	47
0	316
0	1
0	215
0	320
0	217
0	0
0	18
0	285
0	0
0	307
0	293
0	290
0	55
0	345
0	45
0	205
0	247
0	224
28	859
0	0
0	229
0	270
0	294
0	105
0	232
0	0
0	223
0	225
0	338
0	207
0	236
0	216
0	318
0	8
0	260
0	52
0	1
0	0
0	0
0	308
0	284
0	54
0	296
0	328
0	3676
0	45
0	383
0	283
0	512
0	893
0	1
0	687
0	206
657	648
0	207
1	55
0	316
0	18
0	303
0	30
0	0
0	319
0	213
0	291
0	6
0	332
0	290
0	405
0	1
7	0
0	45
0	0
0	313
0	349
0	224
0	224
0	329
0	346
0	349
0	305
0	0
0	312
2	24
0	275
0	296
0	193
0	46
0	0
0	209
0	235
0	42
0	0
0	298
0	211
0	216
0	208
0	152
0	204
0	0
0	20
0	0
0	47
0	1294
0	308
0	292
0	218
0	320
0	204
0	0
133	338
0	297
0	191
0	46
44	1031
0	232
0	335
0	313
0	225
1	0
138	339
0	326
0	204
0	216
0	55
0	213
0	568
0	1
0	346
0	248
0	81
6	4034
0	325
0	241
0	245
0	335
2	192
0	325
0	199
0	1
0	275
0	313
0	1
0	298
0	248
0	0
0	211
0	1315
0	296
0	0
0	226
0	242
0	0
0	1
0	201
0	55
0	227
0	204
0	286
1578	146
0	641
0	204
0	46
0	348
0	44
0	297
1	29194
0	139
0	333
0	305
0	282
0	222
0	0
0	0
0	248
0	1480
0	43
0	2784
0	300
0	332
0	0
0	305
0	230
0	45
0	29
0	170
0	303
0	215
0	331
0	0
0	1302
0	22
0	20
0	1690
1	0
0	220
0	18
0	246
0	1
0	327
0	235
0	52
0	313
0	224
0	0
0	203
0	230
0	52
0	0
0	441
0	254
0	55
0	320
0	231
0	231
0	198
2	24
0	231
0	194
0	181
0	228
0	220
0	20
0	1176
0	309
0	346
0	48
0	238
0	269
0	203
0	293
0	105
0	615
0	415
0	222
0	222
0	206
0	289
0	0
0	326
0	233
0	0
0	289
0	229
0	305
0	0
0	332
0	195
0	0
0	218
0	247
0	306
0	0
0	289
0	195
0	0
0	0
0	241
0	302
0	46
0	252
0	44
0	316
0	717
0	254
0	53
0	349
0	258
0	344
0	30
0	258
0	199
0	305
0	322
0	225
0	45
0	184
0	287
0	1458
0	293
0	344
0	0
0	44
0	238
0	1
0	232
0	217
0	222
0	235
0	0
0	400
0	0
0	0
0	295
0	221
0	320
0	228
0	1690
0	0
0	307
0	105
0	261
2	0
0	199
0	196
0	250
0	18
0	54
0	0
0	199
0	190
0	227
0	0
0	208
0	293
0	1
0	251
140	177
0	53
0	192
0	339
0	326
0	4693
0	310
0	320
0	261
0	292
0	323
0	54
0	226
0	212
0	0
0	0
0	245
0	28
0	220
0	302
0	1
0	1
0	44
0	156
0	10
0	310
0	222
0	312
2	0
0	42
0	294
0	259
0	54
0	213
0	282
0	868
0	322
0	298
0	259
0	247
0	192
0	0
0	319
0	230
0	46
0	307
0	42
0	316
0	46
0	221
0	0
0	295
0	213
0	225
0	46
0	207
0	259
0	315
0	105
0	252
0	802
0	0
0	105
0	166
0	0
6	1668
0	298
20	223
0	8
0	1
0	317
0	52
0	0
0	2829
0	1455
0	218
0	44
0	294
0	276
0	45
0	372
0	278
0	335
0	237
0	34
0	226
0	174
0	204
0	1
0	207
0	234
0	323
900	0
0	124
2	0
0	42
0	318
0	227
0	44
0	0
0	0
0	1699
4	0
0	0
0	53
0	1
0	224
0	105
0	220
0	235
0	0
0	243
0	221
0	192
0	189
28	211
0	257
0	305
0	330
0	53
0	0
0	207
0	317
0	223
0	207
0	1036
0	249
0	297
0	53
0	44
0	0
0	0
0	227
0	299
0	48
0	46
0	285
0	285
0	53
0	280
0	201
0	0
0	238
0	204
0	258
0	218
0	43
0	55
1	0
0	1
0	641
0	238
0	316
0	6
0	1
0	337
0	200
0	262
0	1
0	0
0	0
0	203
0	321
0	312
0	36
0	260
0	303
0	299
0	30
118	206
0	235
0	303
0	245
2	74
0	359
0	335
3	0
0	1
0	192
0	246
0	93238
23	286
0	1
0	275
0	46
0	1
0	370
0	292
0	320
0	241
0	333
0	368
0	329
0	636
0	0
0	307
0	198
0	679
0	44
0	370
0	283
0	1043
0	336
0	236
0	1
0	334
0	228
0	220
0	320
0	230
0	105
0	353
0	245
0	42
1	13
0	0
0	105
0	0
0	223
0	656
0	0
0	157
0	266
0	287
0	330
0	105
0	54
0	351
0	233
0	0
0	305
0	1
0	325
0	239
0	0
0	45
0	0
0	105
0	208
0	252
0	43
0	319
0	223
22	241
0	105
0	0
0	54
0	232
0	211
0	195
0	213
0	29
0	211
0	295
0	215
0	234
0	43
0	18
0	55
0	46
0	162
0	178
0	9
0	220
0	45
0	10008
0	42
0	317
0	930
0	1433
0	256
0	234
0	204
0	195
75	112
0	45
0	0
0	177
0	1342
0	0
0	0
0	46
0	0
0	1052
0	326
1	14537
0	342
4	0
0	323
0	223
0	46
0	1
0	1
0	196
0	1
0	405
0	12
0	216
0	352
0	270
0	3022
0	0
0	0
0	176
0	307
0	310
0	309
0	313
0	331
0	203
0	210
0	304
0	208
0	350
0	18
0	45
0	154
0	326
0	55
0	280
0	250
0	219
0	211
0	206
0	868
0	46
0	291
0	248
0	237
0	0
0	300
0	3219
0	45
0	313
0	234
0	301
0	20
0	53
0	0
0	227
0	334
0	889
0	391
0	295
1	0
6	0
0	0
1	0
0	53
0	54
0	144
0	20
0	0
0	223
0	44
0	236
0	0
1	1378
0	43
0	44
0	233
0	300
0	223
1	0
0	288
0	316
0	217
0	256
0	44
0	36
1	1975
0	105
0	0
0	297
0	270
0	44
0	7658
0	1
0	306
0	241
0	315
0	7077
0	1
0	336
0	211
0	203
0	235
0	260
0	179
0	313
0	46
0	293
0	53
107	354
0	947
0	0
0	985
0	54
0	0
0	259
8579	1434
0	0
0	347
0	145
0	207
0	242
0	1046
0	740
0	231
0	228
0	40008
0	230
0	361
0	226
0	304
0	0
18	177
0	0
0	243
0	1
0	224
0	0
0	249
0	0
0	214
0	36
1	0
0	18
0	0
0	305
0	222
0	44
0	319
0	158
0	52
0	246
0	10
0	320
0	246
0	0
0	44
0	241
0	240
0	278
0	308
0	44
4	24
0	321
0	229
0	300
0	36
0	0
0	0
0	145
0	282
0	105
0	318
0	161
0	0
0	226
0	294
0	44
0	218
0	0
0	313
0	225
0	181
0	42
2	0
0	237
0	263
2	24
0	291
0	253
0	305
0	305
148	256
0	42
0	156
0	360
0	172
0	214
0	222
0	0
0	0
0	44
0	323
0	641
0	44
0	213
0	1766
0	308
0	259
0	105
0	1
0	0
0	233
0	326
0	45
0	305
0	322
0	355
0	230
0	232
0	279
0	208
0	220
0	1
0	313
0	308
0	0
0	347
0	279
0	0
0	286
0	316
0	282
0	42
0	42
0	0
0	321
0	243
0	0
0	211
0	313
0	216
0	105
0	215
0	250
3054	777
0	277
0	0
0	254
0	383
0	0
0	53
0	319
0	216
0	0
0	335
0	285
0	0
0	315
0	187
0	221
0	331
0	18
0	254
0	222
0	105
0	0
0	0
0	323
0	160
0	0
0	213
0	292
0	0
1	11939
0	255
0	294
0	304
0	1
2	24
8	0
0	46
0	45
0	0
0	211
2	1069
0	147
0	0
0	303
0	298
0	18
0	0
0	1
0	328
0	206
0	326
0	0
0	309
0	3720
0	303
0	45
0	263
0	1067
0	223
0	0
0	291
0	0
0	1
0	350
0	157
0	205
0	236
0	220
0	0
0	277
0	1
0	296
0	296
0	330
0	836
0	297
0	0
0	53
0	316
21	241
0	307
0	203
0	320
0	0
0	287
0	323
0	44
0	323
0	201
0	0
0	326
0	347
0	102
0	0
0	44
1	0
0	203
0	323
0	0
1	0
0	283
0	54
0	166
1	2209
0	277
0	0
0	346
0	307
0	44
1	2416
0	44
0	286
0	213
5	969
0	54
0	42
0	0
0	199
0	0
0	244
0	298
0	319
0	0
0	299
0	260
1	0
0	224
0	245
0	105
0	171
0	209
0	217
0	322
0	44
0	368
0	305
0	282
0	5820
0	211
0	332
0	53
0	199
0	220
0	20
0	337
0	287
0	225
0	44
0	332
0	264
0	227
0	281
0	357
0	1072
0	46
0	1
0	105
0	290
0	326
0	152
0	313
0	281
0	0
0	0
0	0
0	211
0	0
0	0
0	1481
57	241
0	243
0	217
0	44
0	324
0	53
0	1
0	0
0	238
0	205
27	382
2	2376
0	303
0	0
3	0
0	295
0	316
0	53
0	0
0	304
0	45
0	0
0	245
0	26
0	192
0	208
0	197
0	308
0	300
0	0
1	2266
0	0
0	215
0	229
1	35
1	1691
0	205
0	244
0	260
0	199
0	234
0	43
0	336
0	42
0	0
0	293
0	251
0	14
0	373
0	231
0	35
0	254
0	197
0	338
0	222
0	205
0	347
0	8
0	307
0	355
0	373
0	209
0	740
0	276
0	148
0	42
0	158
0	48
0	315
0	291
0	344
0	230
0	0
0	211
0	54
0	8574
41	11543
0	216
0	46
0	159
0	46
0	44
0	212
0	16
0	309
0	0
0	297
0	0
0	105
0	105
0	0
0	261
0	0
0	200
0	0
0	309
0	297
0	1078
0	261
3	0
0	309
0	279
0	43
0	0
0	0
0	192
0	1129
0	13239
0	0
0	223
0	316
0	234
0	310
0	296
0	154
0	290
0	289
0	52
0	43
0	200
0	253
0	0
0	319
0	170
0	296
0	202
0	284
0	1
0	0
0	230
0	20
0	0
0	0
0	55
0	307
0	1
0	207
0	226
0	285
0	281
0	105
0	216
0	159
0	211
0	0
0	210
0	309
0	353
0	0
1	1387
0	0
0	44
0	0
0	304
0	286
0	0
0	20
0	0
0	0
0	0
0	241
0	348
0	0
0	0
0	228
0	0
0	105
0	314
0	221
0	0
0	323
0	211
0	46
0	0
0	18
0	738
0	175
0	0
0	303
0	197
0	222
0	169
0	293
0	219
0	230
0	240
0	18
0	312
0	217
0	1
0	319
0	0
0	381
0	296
0	0
0	253
1	5229
0	249
0	190
0	208
0	285
0	0
0	208
0	242
0	319
0	322
0	292
0	307
0	1
0	42
0	0
3	3216
0	224
0	204
0	0
0	18
1	4764
1	1333
0	55
0	0
0	231
0	206
0	297
0	290
0	219
0	36
0	44
0	317
0	19
0	221
0	206
0	0
0	319
0	198
0	10220
0	314
0	209
0	176
0	1
0	272
0	299
0	248
0	44
0	0
0	0
0	0
0	1196
0	317
0	222
0	1190
0	281
0	2191
0	0
1	0
0	210
0	277
0	237
0	229
1	1965
0	303
0	0
0	305
0	0
0	46
0	54
0	294
0	372
0	312
0	218
0	44
0	220
0	334
0	218
0	325
0	303
3	0
0	331
0	296
0	313
0	20
0	200
0	0
0	294
0	235
3	0
0	0
0	4763
0	0
0	0
0	0
0	339
0	327
0	201
0	44
0	227
0	288
0	313
0	232
0	319
0	44
0	0
0	148
0	46
0	314
0	53
0	229
0	323
0	333
0	0
0	244
0	238
0	212
0	352
0	224
0	259
5	0
0	46
0	884
0	218
0	262
0	322
12	115
0	303
40	126
0	158
0	321
0	54
0	848
0	0
0	1
0	0
0	0
0	314
0	1
0	294
0	230
0	308
0	2409
0	30
0	216
0	295
0	211
0	295
0	20
0	144
0	0
0	205
0	347
0	201
0	230
0	230
0	250
0	305
0	294
0	322
0	0
0	0
0	263
0	227
0	300
0	771
0	282
0	185
0	284
0	44
0	315
0	158
0	309
0	274
1	24
0	181
7	9626
0	0
0	266
0	340
0	0
0	282
0	54
0	0
0	1480
0	286
0	0
0	53
0	319
0	0
0	278
0	275
0	0
0	230
0	2430
0	299
2	24
0	54
16500	1256
0	44
3	867
0	268
0	209
0	301
0	42
0	0
0	240
0	0
0	341
0	388
0	280
0	345
0	381
0	149
0	229
1	865
0	226
0	0
0	0
0	298
0	0
0	219
0	0
0	1
0	105
0	10
0	50
0	221
0	312
0	43
0	313
0	323
0	45
0	243
0	0
0	203
0	352
0	292
0	43
0	18
0	206
0	264
0	1
0	242
0	347
0	207
0	0
0	158
0	274
0	0
0	0
0	0
0	203
0	299
0	211
0	241
0	1
0	1
2	0
23	285
0	204
0	200
0	0
0	282
0	18
4	236
0	284
0	44
0	0
0	314
0	315
0	0
0	235
0	314
0	295
0	305
0	46
0	213
0	239
0	44
1	15216
0	281
0	205
0	227
0	44
0	0
0	45
0	232
0	327
0	225
0	278
0	0
0	259
0	307
0	42
0	352
0	6932
0	302
0	163
0	0
0	1
0	105
0	207
0	236
0	205
0	52
0	278
0	236
0	223
0	0
0	236
0	0
0	877
0	216
0	311
0	45
2	24
0	201
0	828
0	332
0	0
205	91
0	0
0	0
0	53
0	314
0	299
0	1565
0	285
0	1
0	327
0	164
0	321
0	234
0	219
0	211
0	314
0	192
0	0
0	44
0	219
7	0
0	53
0	0
0	206
0	240
0	0
0	277
0	1
0	45
1	1184
0	249
0	43
0	245
0	315
0	216
0	0
0	53
0	221
0	307
0	0
0	339
0	0
0	326
0	223
0	200
0	46
0	296
0	45
0	0
0	305
0	1814
0	0
0	296
0	339
0	1227
0	0
0	278
0	234
0	231
0	241
0	218
0	45
0	0
0	265
0	45
0	299
0	241
0	1
0	479
0	213
0	208
1	860
0	286
0	54
0	218
0	321
0	0
0	1
0	228
0	305
0	0
0	52
0	197
0	0
0	747
0	53
0	322
0	44
0	333
0	56
0	0
0	316
0	22
0	54
0	198
0	244
0	240
0	1
0	45
0	0
0	9
0	191
0	222
0	52
0	208
0	227
0	205
0	344
0	290
0	294
0	44
0	0
0	227
0	169
0	240
0	205
0	46
0	303
0	232
0	45
5	6
0	1
0	0
0	335
0	44
0	355
0	0
0	0
0	20
0	54
0	202
0	300
0	223
1	1044
0	0
0	244
0	221
0	209
0	0
0	45
0	236
0	44
0	1
0	208
0	22
0	18
1	0
0	258
0	326
0	297
0	308
28	1053
0	0
0	241
0	44
0	0
0	240
0	52
0	0
0	304
0	224
0	322
0	275
0	334
0	229
1	2235
0	198
0	46
0	0
0	212
0	229
0	1
0	328
0	0
0	216
0	288
0	0
0	0
0	54
0	0
0	203
0	749
0	308
0	219
0	1
0	284
0	144
0	320
0	217
0	641
0	229
0	0
0	165
0	18
0	283
0	33
0	1
0	291
0	43
0	288
0	325
0	7280
0	151
0	229
0	28
0	36
0	143
0	105
6	0
0	1
0	54
0	302
0	246
0	303
0	263
0	0
0	234
0	28
0	18
0	318
0	241
0	211
0	263
0	0
0	229
1	1525
0	0
0	242
0	214
0	209
0	243
0	199
0	0
0	59
0	53
0	229
0	188
0	0
0	299
0	338
0	251
0	0
0	326
0	287
0	934
0	0
0	42
0	212
0	268
0	255
0	105
1	2185
3	0
0	64
0	105
0	6
0	214
0	301
0	55
0	44
0	0
0	208
0	347
0	210
0	44
0	0
0	208
0	0
0	301
0	321
3	0
0	105
0	208
0	297
0	303
3	24
0	6
0	284
0	298
0	0
0	45
0	231
0	336
0	250
0	291
0	54
0	0
0	216
0	289
0	1579
0	8
0	44
0	296
0	44
0	220
0	323
0	299
0	144
0	0
0	243
0	0
0	220
0	300
0	306
0	46
0	18
0	0
0	291
0	146
0	339
0	328
2	1275
0	196
0	0
0	335
0	18
0	269
0	44
0	1
0	307
0	32
0	214
0	221
0	298
0	0
0	253
0	0
0	0
0	154
0	244
0	263
0	273
0	0
0	0
0	0
0	205
0	241
0	167
0	345
0	210
0	46
0	286
0	341
0	0
0	267
0	329
0	262
0	238
0	42
0	259
0	1
0	305
0	183
0	0
0	1
0	1
0	0
0	0
0	300
0	54
0	168
0	2015
0	0
0	217
0	231
0	18
0	236
0	312
0	0
0	917
0	159
0	44
0	0
0	207
0	249
0	0
0	188
0	245
0	1480
0	0
0	332
11	6
0	206
0	305
0	280
0	1550
0	282
0	20
0	0
0	223
0	309
0	239
0	338
0	0
0	307
0	197
0	1858
0	209
0	314
0	300
0	307
0	54
0	207
0	43
0	190
0	301
0	300
0	0
0	42
0	44
0	0
0	105
0	0
0	0
0	201
33	292
0	265
0	283
0	192
0	202
0	198
0	1
0	209
0	0
0	292
0	212
0	322
0	0
0	341
0	282
0	212
0	225
0	45
0	45
0	204
0	163
0	0
0	202
0	242
49	170
0	245
2	24
0	264
0	9
0	0
0	0
0	319
0	325
0	313
0	614
0	0
0	173
0	0
0	44
0	203
0	219
42689	0
0	42
0	8
0	687
0	0
0	232
0	221
0	160
0	209
0	227
0	29
0	105
1	1129
0	0
0	1
0	289
0	268
0	0
0	44
0	300
0	53
0	244
0	219
0	297
0	105
0	242
0	205
0	259
0	340
0	868
0	79
0	312
0	205
0	1
0	310
0	258
0	260
0	269
0	0
0	183
0	336
0	0
0	269
0	216
0	215
0	0
0	196
0	224
0	21
0	1
0	181
0	300
0	687
0	218
0	36
0	290
0	54
0	293
0	0
0	231
0	0
0	0
0	0
0	36
0	289
0	262
0	44
0	344
0	229
0	303
0	313
0	196
0	45
0	314
0	1
0	235
1	0
0	328
4	24
0	233
0	321
0	30
0	303
0	0
0	28
0	102
0	224
0	336
0	326
0	42
0	0
0	329
0	330
0	153
0	210
0	322
0	341
0	321
0	2726
0	317
0	0
0	54
13067	103
0	0
0	28
0	206
0	0
0	325
0	260
0	0
0	1
0	0
0	740
0	305
0	204
0	607
0	52
0	45
0	281
0	298
0	310
0	247
0	338
0	221
0	105
0	1
0	282
0	0
0	203
0	115
0	145
0	0
0	1
0	348
0	253
0	40
0	312
0	22
0	228
0	145
0	0
0	335
0	327
0	214
0	294
0	44
0	196
0	45
0	0
0	237
0	1
0	371
0	0
0	105
0	233
0	105
0	353
0	1
0	286
0	0
0	322
0	248
0	317
0	1
0	235
0	240
0	361
0	36
0	233
0	204
0	1480
0	0
0	1
0	0
0	1202
0	321
0	53
0	8
0	1
0	203
0	44
0	34
0	326
0	1
1	0
0	0
1	965
0	257
0	332
0	349
0	335
0	2113
0	740
0	220
0	215
0	4183
0	208
0	204
0	166
0	0
0	299
0	241
0	44
2	9
0	228
0	207
1	1038
0	312
0	0
0	42
0	220
0	0
0	0
0	324
0	0
0	211
0	307
0	55
0	201
0	313
0	0
0	242
0	227
0	30
0	934
0	20
0	224
0	309
0	228
0	1
0	0
0	45
0	46
0	326
0	199
0	197
0	1902
0	42
0	343
0	0
0	254
0	54
0	311
0	45
0	220
0	309
0	151
0	15
0	295
0	225
0	305
0	0
0	240
0	53
0	284
0	343
5	0
0	1144
0	309
0	0
0	44
0	314
0	332
0	45
0	210
0	44
0	0
0	237
0	285
6	0
0	46
0	309
0	0
0	43
0	46
0	304
0	46
0	1
0	306
0	0
0	291
0	45
0	211
0	1585
0	383
0	299
0	305
0	305
0	230
0	210
0	231
0	45
0	0
0	203
0	293
0	1201
0	0
0	1275
2	1571
0	28
0	0
0	305
0	252
1	0
0	218
0	55
0	213
0	310
1	0
0	289
0	0
0	1
0	215
0	0
0	54
0	219
0	1
0	302
0	1
0	202
0	28
0	216
0	205
0	105
0	0
0	255
0	324
0	0
0	45
0	45
0	201
0	300
0	326
0	1
0	190
0	293
0	36
0	40008
0	306
0	0
0	315
0	317
0	0
0	307
0	0
0	333
0	253
0	687
0	276
0	40008
0	238
4	0
0	234
0	1
0	300
0	53
0	305
0	205
0	0
0	55
0	308
0	224
0	30
0	46
1	1276
0	224
0	332
0	335
0	305
0	8
0	204
0	282
0	175
0	293
0	341
0	1199
0	54
0	331
0	159
0	0
0	299
0	227
0	905
0	105
0	300
0	0
0	229
0	19794
0	294
0	223
0	256
0	0
0	209
0	210
0	2447
2	0
0	273
1	0
0	37
0	231
0	1046
0	347
0	198
0	52
0	44
0	0
0	0
0	0
0	246
0	188
0	356
0	21
0	12324
0	45
0	232
0	1464
0	227
0	105
0	0
0	0
0	229
0	211
0	28
0	0
0	289
0	0
0	214
0	235
0	105
0	253
0	47
0	42
0	0
0	184
0	328
0	213
0	356
0	0
0	245
2	1008
0	46
0	297
0	44
0	0
0	164
0	0
0	298
0	0
0	289
0	200
0	217
0	44
0	204
0	324
0	212
0	42
0	345
0	210
0	293
0	44
0	105
0	205
0	217
0	2727
0	44
0	0
0	221
0	45
0	323
0	45
0	47
0	260
0	273
0	0
0	5585
2	0
0	313
0	0
0	105
1	0
0	221
0	293
0	687
0	34
0	299
0	227
0	293
0	299
0	18
0	0
0	222
0	0
2	6
0	230
0	738
0	216
0	0
0	297
0	211
0	353
0	198
0	1
0	279
0	426
0	34
0	641
0	54
0	317
0	0
0	302
0	243
0	196
0	208
0	317
0	320
0	205
0	1201
0	253
0	380
0	204
1	0
0	0
0	239
0	224
6	24
0	105
0	279
0	329
0	0
0	1
0	218
0	302
0	11
0	230
0	242
0	289
0	36
0	1
0	0
5	0
0	46
0	1356
0	232
0	0
0	207
0	36
1	566
0	325
0	176
0	0
0	818
0	0
0	201
0	223
0	341
0	342
0	42
0	45
0	198
1	1369
0	301
0	44
0	30
0	305
0	0
0	343
0	0
0	105
0	307
0	0
6	0
0	216
0	330
2	0
0	244
0	18
0	280
0	0
0	1
0	211
0	204
0	363
0	208
0	196
0	244
0	1
0	0
0	46
0	252
0	1392
0	302
0	286
0	196
0	251
0	193
0	291
0	147
0	287
0	1480
0	307
0	345
0	0
0	354
0	44
0	383
0	1
0	311
0	293
0	0
1	906
0	304
0	285
0	345
0	8
0	46
0	44
0	0
0	0
0	311
0	0
0	315
0	348
0	353
0	30
0	341
0	3676
0	156
0	208
0	0
0	0
0	217
0	250
0	307
0	245
0	105
0	227
0	228
0	319
0	18
0	1153
0	242
0	224
0	315
0	18
0	0
0	52
0	0
0	313
0	318
0	1
0	217
0	34
0	271
0	233
0	192
0	0
0	220
0	227
0	291
731	718
0	238
0	258
0	298
0	871
0	46
0	209
0	208
0	59
0	162
0	0
0	172
0	44
0	1
0	224
0	0
0	1
0	200
0	45
0	0
0	293
0	204
0	14
1	0
0	44
0	105
0	348
0	256
0	325
0	185
0	0
0	230
0	44
0	42
0	105
0	235
0	297
1	10545
0	223
0	315
0	327
0	18
0	327
0	307
0	44
0	227
0	306
0	150
0	312
0	0
0	54
0	0
0	218
0	280
0	20
0	0
0	320
0	231
0	305
0	56
0	207
0	18
0	20
0	0
0	305
0	46
0	0
0	53
0	0
0	45
0	349
0	213
0	308
0	235
0	0
0	2888
0	0
0	305
0	55
0	208
0	687
0	325
0	319
0	0
0	8
0	209
0	155
0	189
0	46
0	0
0	45
0	339
0	245
0	0
0	216
0	308
0	226
1	1073
0	1
0	197
3	0
1	0
0	0
0	198
0	303
0	30
0	349
0	0
0	151
0	44
0	0
0	297
0	1096
0	0
0	105
0	305
0	309
0	219
0	0
0	294
0	0
0	53
0	343
0	45
0	0
0	233
0	0
0	286
0	202
0	7233
0	1658
0	281
1	0
0	0
1	1196
0	2122
6	0
0	1
0	237
0	298
0	208
0	5
0	0
0	195
0	0
0	105
0	0
0	283
0	329
0	21
0	222
0	304
0	0
0	12
0	276
0	331
0	52
0	75
0	195
0	290
0	221
0	301
0	20
0	347
0	0
0	217
0	292
0	314
0	44
0	54
0	46
0	1
0	44
0	0
0	138946
0	320
0	333
0	0
3	885
0	242
0	244
0	306
0	235
0	211
0	219
0	55
0	195
0	930
0	296
0	242
0	273
0	18
0	299
0	53
0	342
0	300
0	0
0	281
0	225
0	0
0	321
0	1319
0	241
0	205
26	360
0	215
0	0
0	304
0	302
0	54
0	1
0	359
0	204
3	0
0	264
0	341
0	18
0	105
0	221
0	221
0	304
0	266
0	280
0	349
0	304
0	222
0	244
0	1
0	319
0	1874
0	178
0	0
0	0
0	276
0	235
0	20
0	287
0	42
0	0
0	265
0	234
0	105
0	209
0	256
0	231
4560	938
0	243
0	0
0	298
0	335
0	46
0	209
0	347
0	1
8	0
0	20
0	0
0	348
0	0
0	221
0	1874
0	276
0	228
0	317
0	287
0	208
0	337
0	217
0	310
0	0
0	0
1	0
0	297
0	1
0	338
0	301
0	1169
0	266
0	5929
0	295
21	237
5	0
0	105
0	239
0	0
0	238
0	235
0	44
0	63
0	222
2	0
0	0
0	0
0	223
0	239
0	10
0	1
0	261
0	0
2927	1176
0	325
0	3594
0	0
0	219
0	0
0	230
0	53
0	0
0	2098
0	314
0	288
0	290
0	0
3	231
0	0
0	0
0	218
0	0
0	216
0	249
0	258
0	258
0	213
0	277
0	314
0	306
0	234
0	46
0	209
0	212
0	105
0	95
0	259
0	44
0	327
0	223
0	259
0	313
1	1517
0	168
0	740
0	318
0	45
0	0
0	0
0	224
0	46
0	0
0	0
1	24
0	219
0	0
0	0
0	0
0	1
0	221
0	247
0	289
0	36
0	235
30	865
0	239
0	233
0	0
0	261
0	234
0	48
0	46
0	310
0	42
0	195
0	340
0	0
0	318
0	0
3	24
0	312
0	45
0	313
0	264
0	318
0	0
0	85
0	1
0	221
0	198
0	219
0	226
0	1
0	246
0	1
0	300
5	0
24	281
0	0
0	0
0	1
0	289
0	227
0	230
0	43
0	211
0	887
0	277
0	217
0	346
0	0
0	170
3	0
0	0
0	340
0	233
0	18
0	258
0	338
0	300
0	320
904	682
0	263
0	44
0	321
0	209
0	45
0	0
0	208
0	18
0	209
0	0
0	0
0	579
0	235
0	54
0	207
0	105
0	53
0	979
0	0
0	55
0	245
0	245
0	54
0	321
0	339
0	55
0	0
0	637
0	0
0	0
0	44
0	301
0	0
0	206
0	1
0	225
0	308
0	298
0	0
0	326
0	226
0	56
0	332
0	74
0	0
0	329
0	12
0	45
0	238
0	282
2	0
0	0
0	316
0	235
0	0
0	211
0	244
0	0
0	0
0	105
1	24
0	302
0	1
0	336
0	1313
0	42
1	24
0	159
0	308
38701	0
0	205
0	46
0	340
0	221
0	1
0	0
0	224
0	370
2	0
0	248
0	205
0	295
0	36
0	18
0	105
0	32
0	329
0	42
0	0
0	274
0	0
0	240
0	233
0	206
0	0
0	72
0	326
0	219
0	305
0	227
0	54
0	105
0	299
0	1
0	308
8	271
0	235
0	358
0	322
6	0
0	54
0	303
0	212
0	242
0	190
0	687
0	218
0	299
0	220
0	220
0	145
0	1
0	213
0	295
0	54
0	305
0	115
1	1387
0	18
0	0
0	261
0	0
0	311
0	0
0	43
0	45
0	239
0	44
0	303
0	326
0	0
0	53
0	236
0	220
0	42
1	1753
0	327
0	28
0	213
0	281
0	18
0	37
0	40008
0	17
1	0
31	347
0	236
0	0
0	45
0	910
0	1
0	349
0	29
0	366
0	1
0	292
0	310
0	40008
0	296
0	161
0	228
0	308
0	45
0	55
0	383
0	226
12112	99
1	3122
0	215
0	300
0	0
0	0
0	40
0	193
0	307
0	0
0	30
0	349
0	1
0	0
0	334
0	321
0	203
0	269
20741	146
0	296
0	216
0	341
0	205
0	1
0	20
0	281
0	264
0	48
0	226
0	0
0	193
0	286
0	284
0	196
0	0
0	42
0	210
0	233
0	340
1	0
0	1366
0	236
0	0
0	0
0	221
0	324
0	205
0	1
0	0
0	105
0	45
0	191
0	162
0	230
0	30
0	1
0	1766
0	229
0	306
0	0
0	246
0	1
0	306
0	28
0	55
0	0
0	311
0	54
1	1406
0	1
0	295
0	38
0	205
0	42
0	265
0	42
0	302
0	218
0	1
0	198
0	340
0	328
0	0
0	54
6103	583
0	298
0	185
0	229
0	239
0	56
0	276
0	0
0	44
0	226
0	228
0	1264
1	727
5	0
0	279
0	346
345	214
0	223
0	0
0	44
0	0
0	1566
0	251
0	214
0	0
0	53
0	216
0	195
0	317
1	0
0	323
0	205
0	216
0	0
0	286
0	229
0	208
0	0
0	641
0	42
0	330
0	378
0	328
0	218
0	1
0	360
0	370
2	682
39	52
0	213
0	40008
0	201
0	235
0	22
0	20
0	361
0	208
0	1
0	289
0	206
0	348
0	0
0	1
0	36
0	20
0	280
0	8
0	213
0	0
0	233
0	220
0	199
0	268
0	319
0	0
1	1539
0	280
0	347
0	0
0	298
0	237
21	227
0	45
0	232
0	228
2	0
0	230
0	312
0	0
0	248
0	46
0	345
0	274
0	322
0	216
0	18
0	351
0	256
0	216
0	402
0	45
0	55
0	221
0	321
0	0
0	207
0	54
0	312
0	0
0	253
0	54
0	0
0	192
0	105
0	237
0	20
0	289
0	196
0	158
0	223
0	286
5	0
0	293
0	55
0	309
0	295
1	103
0	290
0	285
0	105
0	185
0	204
1	2149
0	269
0	868
0	326
0	0
0	339
0	237
0	42
0	28
0	836
0	40008
0	316
0	153
0	0
0	510
0	316
0	297
0	53
0	216
0	340
0	44
0	238
0	0
0	232
0	186
0	7
0	0
0	44
1	0
0	0
0	296
0	221
0	1
0	249
0	210
0	44
0	182
0	304
0	188
0	356
0	0
0	204
0	52
0	1480
0	215
0	251
0	352
0	233
0	235
0	28
0	147
0	105
0	216
0	338
0	18
0	202
0	2236
0	339
0	315
0	8
0	338
0	237
0	54
0	317
2	24
0	309
0	285
0	0
0	0
0	207
0	287
0	0
0	215
5	0
15	191
0	105
0	2191
0	243
0	42
0	1
0	235
0	1
0	18
11675	103
0	1
0	295
0	192
0	45
0	8
0	251
0	44
0	1652
0	157
0	306
0	241
0	285
0	222
0	297
0	324
3	0
0	45
0	224
0	294
0	223
0	234
0	316
0	105
0	231
0	228
1	0
0	309
1	1952
0	0
0	212
0	289
0	295
0	282
0	79
0	53
0	309
0	216
0	55
0	209
0	20
0	1058
0	0
0	216
0	242
0	49
0	219
0	40008
61	214
0	0
0	44
0	314
0	316
0	787
0	233
0	259
0	237
0	204
0	18
0	205
0	232
0	258
0	1
0	242
0	333
0	294
0	1
0	78
0	0
1	729
0	330
0	44
0	45
0	316
0	0
0	147
0	115
0	220
0	18
2	844
0	176
0	235
0	44
0	209
0	321
0	105
0	18
0	249
7	0
0	322
0	228
0	210
0	292
0	724
0	272
0	235
0	55
0	346
0	42
0	323
0	230
0	331
0	235
0	322
0	216
0	0
0	295
0	1
0	254
0	348
0	309
0	212
0	243
0	1
0	284
0	221
0	0
0	226
0	160
0	314
0	192
0	175
0	20
0	216
0	0
0	1
0	45
0	0
0	313
0	349
0	105
0	18
0	303
0	233
3	0
0	241
0	202
0	18
0	283
0	110
0	341
0	0
0	305
0	252
0	779
0	53
0	327
0	218
0	1
0	0
0	55
0	223
0	301
0	258
0	310
0	251
0	336
0	45
0	318
0	199
0	298
0	174
0	0
0	53
0	193
0	0
0	1
0	317
0	44
0	365
0	1
0	208
0	1
0	54
0	338
1	898
0	0
0	44
0	304
0	20
1	30678
0	195
0	334
79	365
0	321
0	225
0	1
0	243
0	0
0	36
0	1048
10	1118
0	52
0	2427
0	252
0	42
0	286
0	1
0	55
0	231
0	316
0	327
0	327
0	251
0	0
0	44
0	225
0	325
0	212
0	208
0	290
0	207
0	1339
0	0
0	315
0	0
0	0
0	229
0	105
0	204
0	319
0	32
0	218
0	44
0	45
0	0
0	325
0	258
0	239
0	14052
0	20
0	228
0	344
0	214
0	215
0	0
8	2556
0	0
0	2249
0	53
0	300
0	0
0	210
0	43
0	313
0	243
0	241
0	152
0	0
0	252
0	0
0	9
0	44
0	0
0	209
0	0
0	278
0	105
0	297
0	105
0	328
0	288
0	105
0	0
0	20
0	0
0	306
0	220
0	303
0	335
0	224
0	18
0	228
0	39198
0	0
0	247
0	207
0	208
0	0
0	1
0	0
0	293
0	324
0	287
0	213
0	19
0	248
0	292
1	933
0	4474
0	204
0	244
0	105
0	214
0	43
0	231
0	43
0	0
0	223
0	316
0	209
0	303
0	1
0	209
0	36
0	236
0	335
0	199
0	0
1	24
0	220
1	1241
0	33
0	327
0	217
0	44
0	207
0	220
0	316
0	226
0	307
0	206
0	282
0	0
0	344
0	0
0	247
0	207
0	283
0	54
0	674
0	45
0	227
0	307
0	323
0	230
0	1
0	44
0	3690
0	0
0	212
0	261
0	698
0	353
0	216
0	43
0	329
0	213
0	236
0	290
0	276
0	173
0	200
0	0
0	304
0	254
0	10044
0	223
0	227
0	3775
0	0
0	318
0	20
1	848
0	0
0	313
0	0
0	20
0	260
0	251
0	0
0	372
0	209
0	0
0	282
0	286
0	1
0	311
0	353
0	196
0	0
0	0
0	202
0	105
0	237
0	337
0	294
0	46
0	283
0	298
0	230
0	308
0	0
0	20
0	0
0	300
0	105
1	0
0	218
0	0
0	230
0	311
1	1273
0	0
0	8
0	105
0	0
0	264
0	222
0	45
0	293
0	250
0	364
0	207
0	315
0	0
0	223
0	0
0	46
0	0
0	230
0	212
4	0
0	380
0	307
0	64
0	1
0	283
0	42
0	0
32	1534
0	1
0	269
2	24
0	28
0	1816
0	306
0	332
0	44
1	101
0	223
0	256
0	231
0	36
0	193
0	0
0	244
0	304
0	199
0	233
0	253
0	46
0	307
0	0
0	105
5	0
0	1486
20	256
0	52
0	42
0	0
0	298
0	243
0	219
0	230
0	0
0	321
0	15876
0	226
0	214
0	45
3	24
1	1147
0	0
0	221
0	219
0	220
0	214
0	0
0	44
0	282
0	218
0	36
0	353
0	274
0	248
0	8
0	220
0	199
0	357
0	253
1	1680
0	215
0	332
0	43
0	237
0	0
0	278
0	0
0	231
0	0
0	0
0	43
0	226
0	308
0	1
1	2207
0	54
0	256
0	165
0	323
0	0
0	307
0	20
0	363
0	199
0	207
0	577
1	1766
0	44
0	46
0	44
0	224
0	218
0	239
0	0
0	275
0	164
5	0
0	820
0	225
0	291
0	237
0	216
0	0
0	284
0	167
0	334
0	0
0	312
0	0
0	0
0	44
0	0
0	344
0	315
0	290
0	329
0	227
0	340
0	286
0	0
0	0
0	18
0	313
0	319
0	75
1	0
0	245
0	335
0	328
0	267
0	216
0	45
0	0
0	216
0	54
0	0
0	219
0	277
0	0
0	301
0	221
0	0
0	0
0	246
0	0
0	211
0	331
0	238
0	0
0	249
0	320
0	255
0	265
0	218
0	229
20	220
0	306
0	0
0	340
2	24
0	240
0	37
0	306
0	353
0	297
0	28
0	248
0	217
1	1292
47114	89
0	243
0	221
0	54
0	344
0	232
0	333
0	346
0	315
0	205
0	1
0	292
0	45
0	44
0	190
0	250
0	0
0	44
0	1
0	285
0	237
0	217
0	278
0	197
0	1
3	24
0	306
0	224
0	47
0	0
0	224
0	306
0	42
0	54
0	197
0	687
0	338
0	216
0	249
0	46
0	20
0	0
0	297
0	0
0	285
0	221
0	265
0	343
0	55
0	350
0	260
0	0
0	0
0	0
0	0
0	214
0	0
0	233
0	52
0	56
0	44
0	0
0	213
0	227
0	224
0	289
2	1325
0	231
0	46
0	243
0	225
0	55
2	35
0	211
0	44
0	40008
0	238
0	692
0	412
0	222
0	352
0	234
0	55
0	363
0	0
0	1224
0	298
0	45
0	0
0	0
0	272
0	305
0	105
0	234
0	220
0	319
0	0
0	319
0	208
0	224
0	46
0	52
0	0
0	3134
0	218
0	0
0	347
0	978
0	33
0	239
0	296
0	1
0	212
0	0
0	341
3	0
0	301
0	200
0	321
0	225
0	0
0	0
0	501760
0	199
0	44
0	52
0	54
0	1
0	42
0	262
0	56
0	687
0	1
0	158
0	319
0	315
0	45
0	228
0	299
0	229
0	165
0	0
9645	107
0	1
0	159
0	315
0	43
0	209
0	170
0	0
0	222
0	203
0	44
0	0
0	306
0	35892
0	52
0	281
0	321
0	317
0	215
0	260
0	210
0	0
0	1525
0	20
0	217
0	210
0	340
0	45
0	297
0	164
0	307
0	195
0	222
0	0
0	223
0	193
0	216
0	55
0	145
0	1
0	181
0	229
0	284
0	0
0	20
0	224
0	192
0	0
0	296
0	0
0	45
0	178
0	307
0	232
0	0
0	341
0	19822
0	312
0	268
0	197
0	376
0	242
0	1
0	298
0	236
0	341
0	0
0	40008
0	105
0	46
20	282
0	336
0	0
0	0
0	231
0	195
0	36
0	156
0	362
0	285
0	0
0	303
0	292
0	359
0	219
0	105
0	192
0	1959
0	378
0	302
0	42
0	0
0	42
0	217
0	44
0	1620
0	0
0	295
0	54
0	225
0	45
0	278
0	208
0	42
0	0
0	375
0	44
207	110
0	0
0	41
0	76
0	44
0	46
0	105
1	2054
0	20
0	263
0	309
0	600
0	205
0	315
0	0
0	53
0	1
0	178
0	0
0	297
3	0
0	294
0	28
1	20879
0	344
0	45
0	339
0	0
0	1
0	305
0	1
0	0
0	201
0	270
0	313
0	20
0	209
0	45
0	304
0	206
0	0
1	0
0	299
1	0
0	217
0	0
0	36
0	230
0	0
0	43
3	0
0	297
0	308
0	406
0	311
0	0
0	231
0	171
0	320
0	0
0	1
0	50
0	0
0	199
0	326
0	286
0	47
0	44
0	53
0	222
0	0
0	315
0	299
0	291
0	1
0	0
0	232
0	313
0	43
0	220
0	78204
0	43
0	264
0	1214
0	207
0	148
0	281
0	216
0	205
0	1
0	0
0	308
0	244
0	218
0	192
0	289
0	233
0	230
0	286
0	18
0	253
0	327
0	246
0	550
1	621
0	231
0	322
0	1
0	0
0	211
0	105
0	229
0	302
0	304
0	212
0	309
0	222
0	33
0	260
0	302
0	206
0	0
0	236
0	54
0	52
0	105
0	337
2	0
0	215
0	322
0	222
0	242
0	211
0	0
0	302
0	0
0	284
0	142
0	47
0	159
0	0
0	105
0	1
0	185
0	36
0	320
0	326
0	259
0	210
0	1
0	45
7	0
0	0
5	0
0	214
0	242
0	160
0	12983
0	0
0	0
0	234
0	221
0	0
0	7012
0	44
0	306
0	249
6	3131464
0	223
0	353
0	0
0	0
0	361
0	354
0	0
0	251
0	234
0	1
0	44
0	0
0	43
0	228
0	0
0	0
0	219
0	328
0	0
0	52
0	144
3	0
0	236
0	0
0	306
1	2005
0	245
0	1215
0	280
0	203
0	1
0	0
0	20
0	170
0	324
0	308
0	243
0	54
0	207
0	220
0	219
0	205
0	288
0	1
0	105
0	299
0	1089
0	245
0	187
0	269
0	0
0	286
0	0
0	44
0	0
0	157
0	1
0	290
0	172
0	0
0	328
0	213
0	1
0	223
0	0
0	0
0	227
0	408
0	329
0	295
0	269
0	0
0	325
0	202
0	1
0	991
0	105
0	1
0	38518
0	1
0	195
0	0
0	224
0	5558
0	249
0	115
0	305
0	171
0	1
0	59
0	0
0	302
0	287
0	306
0	0
0	0
1	2717
0	216
0	0
0	42
0	272
0	1347
0	0
0	239
0	319
0	210
0	267
0	309
0	230
0	756
1	9752
0	1
0	312
0	224
0	356
0	144
0	302
0	278
0	0
0	46
0	203
0	236
0	246
0	0
0	53
0	53
0	55
0	0
0	11
0	0
0	238
0	36
0	868
0	215
0	0
0	292
0	52
0	218
0	204
0	44
0	251
0	241
0	290
0	0
0	224
0	0
0	0
3	0
0	45
0	8
0	243
0	283
0	243
0	1
0	316
0	210
0	260
0	0
0	0
0	105
0	233
0	214
0	217
0	317
0	1
0	206
0	5
0	0
0	1
1	0
0	44
0	321
0	0
0	235
0	303
0	221
0	236
0	261
0	0
0	8
0	246
0	263
0	199
0	285
0	0
0	204
0	67
0	1
0	0
0	1
0	317
0	320
0	267
0	53
0	251
0	213
0	295
0	44
0	46
0	0
0	320
0	221
0	46
0	324
0	255
0	290
0	0
0	233
9	1868
0	53
0	311
0	188
0	221
22	6932
0	354
0	45
0	331
0	55
0	198
0	300
0	105
0	0
0	326
0	18
0	8
0	307
0	281
0	236
0	460
0	317
0	0
0	303
0	42
0	224
0	227
0	1
0	0
0	1
0	337
0	44
0	317
0	240
0	822
0	207
0	227
0	297
0	247
0	1030
0	222
0	46
0	204
0	54
0	243
0	296
0	105
0	224
5	0
0	0
0	0
0	315
0	308
0	292
0	54
0	345
0	202
0	250
0	175
0	226
0	1342
0	55
0	0
0	224
0	20
0	0
0	226
0	312
0	0
0	318
0	238
0	186
0	209
0	188
0	44
0	316
0	221
0	5336
0	261
0	18
208	1402
0	305
43	737
0	236
0	42
0	217
0	199
0	278
0	1
0	226
0	294
0	46
0	200
0	0
0	234
0	299
0	165
0	181
0	284
0	44
0	230
0	0
0	0
0	45
0	204
0	169
0	233
0	0
0	341
0	257
0	221
0	312
2	0
0	0
0	222
0	0
0	316
0	0
0	0
0	42
0	0
0	204
0	236
0	0
0	187
0	211
0	315
0	200
0	45
0	307
0	176
0	324
0	19
0	53
1	0
0	329
0	0
0	105
0	328
0	44
0	255
0	209
0	260
0	194
0	205
0	269
0	265
0	0
0	242
0	234
0	211
0	169
0	211
0	768
8	981
0	259
0	0
0	1
0	287
0	3775
0	0
0	198
0	0
0	42
0	324
0	301
0	105
0	323
0	294
27	364
0	296
0	44
0	42
23	119
0	323
0	1431
0	0
0	0
0	331
0	290
0	230
0	298
0	53
0	0
0	196
0	46
0	15
0	212
0	233
0	44
3	24
0	43
0	191
0	244
0	229
0	1
0	311
0	0
0	0
0	217
0	211
0	193
0	319
0	239
0	44
0	0
0	209
0	337
0	45
0	0
0	314
0	208
0	242
0	161
0	45
0	228
0	297
0	278
0	328
0	0
0	263
0	0
0	10
0	0
0	253
0	0
0	1
0	2306
1	0
0	9
2	0
0	224
0	42
0	53
1	1522
0	346
0	54
0	40008
0	175337
0	216
0	45
0	316
0	29
0	291
0	8
0	215
0	295
0	195
2	0
0	323
0	218
0	28
0	44
0	321
0	22
0	329
0	206
0	240
0	0
0	222
0	301
0	239
0	207
0	273
239	323
0	325
0	15876
0	321
0	1
1	0
0	1567
0	231
0	105
0	214
0	227
0	167
0	171
0	220
0	7
0	307
0	0
0	0
4	1216
0	8
0	218
0	42
0	202
0	10008
0	0
0	0
0	322
0	241
0	217
0	204
0	231
0	1410
0	0
0	315
0	52
0	364
0	205
0	313
0	44
0	6259
0	238
0	245
0	8766
0	228
0	225
0	329
0	0
0	328
0	207
0	212
0	229
0	218
0	224
0	282
0	178
0	46
2873	146
0	226
0	28
0	8
0	297
0	8
0	234
0	224
0	105
0	0
0	190
0	53
0	105
0	213
0	204
0	0
0	0
0	0
0	224
0	46
0	220
0	297
0	54
0	0
0	45
0	195
0	1
0	7
0	304
0	298
0	43
0	0
0	181
0	1
0	0
0	268
0	345
0	0
0	212
0	8173
0	311
0	298
0	213
0	243
0	0
0	209
0	203
0	238
4906	146
0	293
0	258
0	48
0	218
0	1
1	2851
0	268
0	307
0	42
0	233
0	1503
0	0
0	335
0	354
0	218
0	289
0	18
0	339
0	196
0	41
0	282
0	0
0	511
0	36
0	211
0	211
0	229
0	44
0	198
0	303
0	305
0	311
0	291
0	254
0	294
0	1
0	46
0	253
0	231
0	240
0	239
0	329
0	45
0	252
0	310
0	219
0	44
0	209
0	250
0	0
0	282
0	230
0	230
0	234
0	286
0	195
0	220
0	307
30	1439
0	210
1	10925
0	210
0	0
0	44
2	383
0	225
0	286
0	188
0	54
0	283
0	382
0	329
0	44
0	231
0	44
0	0
0	254
0	54
0	209
0	292
0	43
0	20
0	295
0	18
0	298
0	206
0	295
0	0
10	1083
0	54
0	64
0	45
0	203
0	288
0	305
0	226
0	16787
0	0
1	1439
0	930
0	0
0	247
0	52
0	740
0	44
0	296
0	285
0	2190
0	317
0	182
0	304
0	199
0	762
0	43
0	0
0	313
0	0
0	313
0	221
0	5363
0	0
0	229
0	331
0	18
0	42
0	0
0	0
0	288
0	2191
0	233
0	229
0	215
0	173
0	252
0	1
0	249
0	207
0	234
0	0
0	400
0	273
0	1
0	255
0	307
1	1620
0	18
0	296
0	356
0	111
0	185
0	309
0	350
0	216
0	235
0	1
0	242
0	0
0	223
0	44
0	0
0	218
0	184
0	0
1	0
0	1
0	105
0	0
0	322
0	346
0	1167
0	1
0	201
0	297
0	245
0	294
0	1
0	210
0	236
1	2575
0	367
0	52
0	0
0	751
0	53
0	196
0	54
0	298
0	45
6	4024
0	45
0	20
0	1100
0	18
0	105
0	296
0	216
0	234
0	0
0	245
0	0
0	0
0	326
0	334
0	243
0	283
0	54
0	990
2	0
0	252
0	0
0	209
0	323
0	315
1	0
0	280
0	1
0	230
0	261
0	322
0	1196
0	283
0	312
0	34
0	0
0	234
0	44
0	242
0	1215
0	0
0	232
0	0
0	204
0	0
0	43
0	238
0	8
2	24
0	274
0	42
0	1
0	1
0	165
0	214
0	319
0	207
0	0
0	8
0	312
0	44
0	214
0	0
0	199
0	339
0	45
0	242
0	306
0	338
0	687
0	329
0	357
0	217
0	105
0	274
0	288
1	6
0	3166
0	306
0	8
0	45
0	0
0	9849
0	285
0	280
0	319
0	42
0	338
0	212
0	0
0	0
0	44
0	237
0	378
1	1373
0	311
0	198
0	45
0	0
0	0
0	232
0	323
0	738
0	218
0	280
0	215
0	53
0	307
0	161
0	1
0	0
0	0
0	42
1	650
0	246
0	0
0	45
0	262
0	4753
0	20
0	235
0	307
0	1907
1	78162
0	0
0	203
0	0
0	54
0	289
0	227
0	224
0	0
0	0
0	251
0	722
0	54
0	212
0	1
0	221
0	252
22	211
163	257
0	223
0	336
0	41
0	219
0	308
0	0
0	55
0	44
0	248
0	952
0	362
0	215
0	201
0	188
0	0
0	53
0	28
0	143
0	0
0	279
0	5
0	207
0	207
0	0
0	2839
0	347
0	1
1	175337
0	6932
0	45
0	232
0	321
0	53
0	302
0	313
0	0
0	36
0	1
0	285
0	235
0	292
0	77
0	300
0	55
0	210
0	293
0	206
0	268
1	1277
0	21
0	318
0	220
0	0
0	1
0	8
0	225
0	283
0	196
0	46
0	199
0	220
0	311
0	319
0	204
0	290
0	233
0	320
0	43
0	225
0	1
1	772
0	297
0	234
0	218
0	339
0	306
0	1
0	245
0	203
0	0
0	1497
0	217
0	0
0	223
0	249
0	33
0	219
0	105
0	45
0	223
0	28
0	20
0	1
0	306
0	253
0	294
0	0
0	0
0	296
0	6408
0	0
0	236
0	157
0	210
0	1
0	217
0	218
0	868
0	211
0	214
0	0
0	218
0	55
0	223
0	278
0	326
0	32
0	288
0	209
0	235
0	291
0	0
0	146
0	305
0	0
0	232
0	1
0	161
0	10
0	238
0	222
0	0
1	1671
0	0
0	302
0	180
0	242
0	0
0	227
0	210
0	43
0	0
0	54
0	0
2	1115
0	18
0	206
0	285
0	245
0	326
0	220
0	269
0	295
0	315
0	359
0	325
0	52
0	359
0	239
29	248
0	285
0	9
0	284
0	154342
0	328
0	303
0	228
0	14
0	44
0	197
0	298
0	223
0	0
0	251
0	1
0	0
0	327
0	0
1	1057
0	319
0	224
0	0
0	218
0	0
0	244
0	328
0	173
0	0
0	293
29	42
0	340
0	1
0	283
0	319
0	322
0	8
0	331
0	208
0	224
0	0
0	0
0	0
0	1
0	54
0	105
0	217
0	308
0	105
0	264
0	0
0	305
0	330
0	0
0	241
0	0
0	220
6	14987
0	330
0	163
0	160
5	0
0	20
0	297
0	213
0	323
0	215
0	237
0	261
0	259
1	0
0	18
0	183
0	0
0	206
0	295
1	832
0	337
23	227
0	295
0	36
0	268
4	24
0	231
1	0
0	0
0	238
0	334
0	0
1	1057
0	43
0	46
0	0
0	296
0	0
0	36
0	292
0	172
0	44
0	338
0	36
0	242
0	408
0	251
0	211
0	105
0	211
0	331
0	230
0	213
0	225
0	300
0	258
0	299
0	1
0	331
0	0
0	259
0	287
1	1366
0	306
0	292
0	305
0	319
0	262
0	321
0	0
0	230
0	0
0	229
0	205
0	50
0	304
0	282
0	0
0	325
0	0
1	7065
0	255
0	0
0	0
0	105
0	78
0	341
0	242
0	223
0	293
0	53
0	209
0	46
0	8
0	225
0	236
0	0
0	350
0	241
0	44
2	24
0	859
0	220
0	43
0	229
0	53
0	313
0	212
0	0
0	44
0	170
0	0
0	228
0	0
0	189
0	228
0	43
0	52
0	0
0	304
0	317
0	282
0	226
0	1734
0	0
0	236
0	219
0	0
0	44
0	1480
0	212
0	0
0	323
0	236
0	0
0	207
0	205
0	0
0	45
0	205
0	1837
0	105
0	279
0	0
0	45
0	0
0	252
0	42
0	1301
0	105
0	284
0	46
0	281
0	237
0	211
0	175337
0	339
0	292
0	1
0	330
0	1
0	1146
0	252
0	309
0	42
0	217
0	12
0	0
3	0
0	205
0	0
0	241
0	0
0	305
0	45
0	239
0	287
0	288
0	341
0	315
0	215
0	0
0	342
0	0
0	44
0	1
0	53
0	283
0	53
0	0
0	274
0	307
0	44
0	44
0	320
0	336
0	42
0	306
0	738
0	319
0	45
0	296
0	233
0	1
0	30
0	232
0	193
0	244
0	223
0	46
0	1
0	296
0	48
0	204
0	55
0	269
0	246
0	221
0	219
0	0
0	240
0	160
0	1
0	309
0	0
0	281
0	207
0	343
0	244
0	53
0	301
0	213
0	254
0	214
0	1
0	313
0	223
0	229
0	0
0	232
0	313
0	236
0	294
60	129
0	302
0	305
0	0
0	202
0	0
0	1
0	238
0	250
0	235
0	0
0	296
3	0
12	67
0	214
0	309
0	1
0	0
0	206
0	0
25	269
0	42
0	51
0	0
0	298
1	3865
0	28
0	0
0	426
0	232
3	0
0	296
0	253
0	205
0	1380
0	353
0	331
0	46
0	46
0	1
0	210
1	52
0	44
0	297
0	216
0	44
0	336
0	0
0	0
1	0
0	0
0	0
0	309
0	1
0	0
0	0
0	310
1	926
1	0
0	268
0	330
0	211
0	55
0	201
1	0
0	0
0	280
0	204
0	53
0	1363
0	0
0	0
0	223
0	345
0	217
0	53
0	53
0	293
0	7
0	256
0	224
0	295
0	267
0	332
0	0
0	275
0	0
0	344
0	297
0	0
0	312
1	1041
0	335
0	0
0	44
0	304
0	294
0	214
0	321
1	987
0	251
0	44
0	36
1	802
0	52
0	300
0	178
0	326
0	220
0	226
0	273
0	0
0	317
0	45
0	240
28	6291668
0	0
0	223
0	0
0	46
2	0
0	44
0	310
0	0
0	307
0	339
0	284
0	335
0	171
0	300
0	324
0	205
0	45
0	0
0	212
0	327
0	0
0	40008
0	33
0	338
0	166
0	313
0	261
0	146
0	162
0	203
0	260
0	321
0	329
0	205
0	166
0	43
0	0
0	46
0	285
0	227
0	331
0	0
0	309
0	1074
0	0
0	200
0	249
1	736
0	52
0	43
0	0
0	0
0	242
0	305
0	246
0	45
0	1
0	231
0	282
0	310
0	325
0	223
0	20
0	219
0	239
0	229
0	218
0	0
0	275
0	0
0	230
0	0
0	226
0	306
0	20
6	128
0	0
0	0
0	45
0	171
0	36
0	235
0	42
0	232
0	221
1	662
0	302
0	289
0	0
0	242
0	7
0	42
0	315
0	1
0	269
0	54
0	0
0	297
0	0
0	314
0	0
0	313
0	332
0	44
0	1
0	44
0	145
1	0
0	324
0	224
0	330
0	0
0	194
0	251
0	229
0	342
0	0
0	266
0	313
0	54
0	335
0	228
0	331
0	421
0	156
0	43
0	335
0	47
69	873
0	0
0	291
0	36
0	187
0	213
0	238
0	0
0	304
0	51
0	162
0	339
0	8
1	2625
0	0
0	213
0	296
0	182
0	219
0	0
0	0
0	349
0	105
0	215
0	199
0	218
0	356
1	1082
0	45
0	308
0	226
0	44
0	244
0	203
0	0
0	45
0	1
0	11
0	364
0	314
0	42
0	251
0	105
0	232
0	321
0	234
0	45
0	212
0	300
0	262
0	46
0	244
0	311
112	368
0	265
0	105
0	319
0	13
0	429
0	222
0	1
1	1591
0	0
0	43
0	0
0	247
0	307
0	0
0	198
0	148
0	52
0	196
0	205
0	15
0	315
0	295
0	9178
0	1
0	209
0	228
0	331
1	0
0	246
1	652
0	1
0	320
0	363
0	0
0	278
0	0
0	242
0	189
0	0
0	0
0	321
0	248
0	293
0	355
0	1
0	308
0	218
0	202
0	1
0	331
0	149
0	55
0	225
0	342
0	287
0	0
0	247
0	338
0	383
0	52
0	41
0	259
0	0
0	370
0	260
0	43
0	250
0	228
0	28
0	353
0	5
0	300
0	53
0	251
0	1036
0	105
0	368
0	0
0	1596
0	321
0	0
3	11786
2	24
0	0
0	295
0	315
0	290
0	0
0	56
0	351
0	310
0	372
0	199
0	0
0	287
0	321
3	0
0	1
0	0
0	197
0	330
0	292
0	298
0	167
0	18
0	285
0	344
0	295
0	326
0	0
0	222
0	28
0	303
0	0
0	42
0	346
0	149
0	230
0	0
0	318
0	0
0	0
0	335
0	54
0	49
0	196
0	310
0	286
0	346
0	0
0	234
0	230
0	328
0	209
0	44
0	321
0	8
0	5603
0	226
0	379
0	240
0	45
0	306
0	293
0	0
0	330
0	234
0	1
1	1023
0	53
0	44
116	222
0	7658
0	0
1	0
0	205
0	0
3	2194619
0	218
0	212
0	44
0	0
0	212
0	277
0	295
5	0
0	353
0	234
0	281
0	44
0	318
0	207
0	239
0	367
0	220
0	0
0	326
0	318
0	105
0	246
0	1
0	293
0	295
0	0
0	0
0	950
0	32
0	336
2	24
0	235
0	115
0	322
0	295
0	0
0	1
0	289
0	169
0	236
0	9
0	264
0	274
0	280
0	794
0	317
0	42
0	0
