Duration	Scr_bytes	label
2	12983	0
0	20	1
1	0	1
0	267	0
0	1022	0
0	327	0
0	0	1
0	616	0
37	773	0
0	350	0
0	213	0
0	246	0
0	45	0
0	0	1
0	196	0
0	277	0
0	294	0
0	300	0
0	54	0
0	720	0
0	301	0
0	1	0
0	0	1
0	0	1
0	209	0
0	43	0
0	88382	0
0	277	0
0	321	0
0	335	0
0	234	0
0	0	1
0	46	0
0	318	0
0	256	0
0	229	0
0	282	0
0	233	0
0	257	0
0	0	1
0	214	0
0	0	1
0	203	0
0	0	0
0	307	0
0	320	0
0	215	0
0	358	0
0	270	0
0	337	0
0	219	0
0	258	0
0	324	0
0	0	1
0	236	0
0	1699	0
0	327	0
0	303	0
0	0	0
0	282	0
0	44	0
0	0	1
0	0	1
1	995	0
0	197	0
0	230	0
0	161	0
0	224	0
0	321	0
0	303	0
0	0	1
0	8	0
0	43	0
0	257	0
0	42	0
0	42	0
0	219	0
0	260	0
0	357	0
0	0	1
0	218	0
0	290	0
0	42	0
0	8	1
0	0	1
0	244	0
0	226	0
0	0	1
0	313	0
0	285	0
0	293	0
0	0	1
0	0	1
1	4030	0
0	44	0
0	274	0
0	205	0
0	44	0
0	45	0
0	389	0
0	22568	0
0	321	0
0	44	0
27	360	0
1	0	1
0	217	0
0	197	0
0	280	0
0	0	1
0	353	0
0	245	0
0	326	0
0	276	0
0	105	0
0	283	0
0	33	0
0	227	0
0	211	0
0	230	0
0	53	0
0	258	0
0	276	0
0	44	0
0	234	0
0	53	0
0	0	1
0	306	0
0	53	0
0	0	1
1	1376	0
0	44	0
0	175	0
0	342	0
1	1500	0
0	1710	0
0	140	0
0	0	1
0	0	1
0	245	0
0	235	0
0	353	0
0	265	0
0	44	0
0	328	0
0	18	1
0	347	0
0	0	1
0	52	0
0	0	1
0	268	0
0	46	0
0	0	1
0	205	0
0	238	0
0	256	0
0	0	1
0	245	0
0	362	0
0	54	0
0	0	1
0	328	0
0	163	0
0	105	0
0	53	0
0	204	0
0	0	1
0	0	1
0	316	0
0	52	0
0	373	0
0	6932	0
0	232	0
0	251	0
0	287	0
1	1055	0
0	286	0
0	321	0
0	0	1
0	2	0
0	22	0
0	223	0
0	237	0
0	45	0
0	0	1
0	0	1
0	301	0
0	44	0
0	1	1
2	24	1
0	0	1
0	44	0
0	197	0
0	242	0
0	350	0
0	46	0
0	52	0
0	239	0
0	207	0
0	180	0
0	339	0
0	642	0
0	55	0
0	0	1
0	341	0
0	42	0
0	105	0
0	285	0
0	78202	0
0	271	0
12931	1164	0
0	46	0
0	1107	0
0	4539	0
20	241	0
0	223	0
0	0	1
0	205	0
0	310	0
0	221	0
0	234	0
0	56	0
0	315	0
0	358	0
0	220	0
0	245	0
0	54	0
0	0	1
0	268	0
0	324	0
0	1176	0
0	222	0
0	252	0
0	236	0
0	868	0
1	0	1
0	0	0
0	221	0
0	28	0
0	0	1
0	334	0
0	239	0
0	0	1
0	40008	0
0	222	0
0	206	0
0	286	0
0	272	0
0	211	0
0	0	0
0	260	0
0	1	0
0	43	0
0	218	0
0	0	1
0	0	1
0	0	1
0	209	0
0	283	0
0	198	0
0	0	1
0	483	0
0	314	0
0	317	0
0	53	0
0	315	0
0	310	0
3	0	0
0	54	0
0	341	0
0	356	0
2	24	1
0	207	0
0	1	1
0	320	0
0	44	0
0	304	0
0	340	0
0	0	1
0	1	0
0	20	1
0	43	0
0	44	0
0	36	0
0	272	0
0	321	0
0	0	0
1	6	1
0	8	1
0	279	0
0	768	0
0	264	0
0	13	0
0	1	1
0	222	0
2	1397	0
0	0	1
0	252	0
0	241	0
0	236	0
0	44	0
0	247	0
0	343	0
0	293	0
0	261	0
0	351	0
8	4255	0
0	1	1
0	245	0
0	205	0
0	173	0
0	245	0
0	54	0
0	256	0
0	193	0
0	687	0
0	344	0
0	238	0
0	0	1
0	237	0
0	42	0
0	1	0
0	257	0
0	239	0
0	220	0
0	208	0
0	327	0
0	225	0
0	234	0
0	319	0
0	334	0
0	245	0
0	321	0
0	1	0
0	44	0
0	135	0
54451	89	0
0	0	1
0	209	0
0	271	0
0	303	0
0	1620	0
0	0	1
0	202	0
0	241	0
0	259	0
0	44	0
0	211	0
0	287	0
0	361	0
0	56	0
0	20	1
0	0	1
0	1	0
0	18	1
0	231	0
0	150	0
0	0	1
0	326	0
1	924	0
0	303	0
0	318	0
5	0	1
0	298	0
0	268	0
0	260	0
0	224	0
0	225	0
21	210	0
0	275	0
0	323	0
0	1	1
0	61298	0
0	1	0
0	1631	0
0	212	0
0	53	0
0	240	0
0	32	0
0	193	0
0	220	0
0	0	1
0	298	0
0	235	0
0	361	0
0	243	0
0	10	0
0	44	0
0	0	1
0	115	0
0	349	0
0	16550	0
0	211	0
0	0	1
0	340	0
0	273	0
0	0	1
0	1	1
0	36	0
0	0	1
0	218	0
0	1	0
0	56	0
0	53	0
0	215	0
0	8	1
0	0	1
0	190	0
0	330	0
0	331	0
0	141	0
0	2881	0
0	0	1
0	43	0
0	30	0
0	1028	0
0	317	0
0	218	0
0	763	0
0	223	0
0	292	0
0	214	0
0	0	1
0	55	0
0	0	1
0	338	0
0	44	0
0	302	0
0	301	0
0	42	0
0	1663	0
0	44	0
0	312	0
0	1	1
0	43	0
0	11	0
0	294	0
0	202	0
0	44	0
0	1428	0
0	316	0
0	162	0
0	250	0
0	323	0
0	233	0
0	0	1
0	0	0
1	1684	0
0	249	0
0	298	0
0	287	0
0	0	1
0	220	0
0	235	0
0	214	0
0	5929	0
0	320	0
0	40008	0
0	218	0
0	0	1
0	214	0
0	186	0
0	219	0
0	222	0
0	217	0
0	192	0
0	240	0
0	297	0
0	234	0
0	208	0
1	988	0
1	1822	0
0	231	0
0	53	0
0	45	0
0	310	0
0	207	0
0	193	0
0	216	0
0	230	0
0	45	0
0	42	0
0	0	1
0	105	0
0	5072	0
0	204	0
0	0	1
0	55	0
0	206	0
0	228	0
0	44	0
0	212	0
0	0	1
0	192	0
0	222	0
0	285	0
0	55	0
0	239	0
0	0	1
0	293	0
0	360	0
0	20	1
0	256	0
0	18	1
0	8873	0
0	738	0
0	296	0
0	294	0
0	227	0
0	200	0
0	0	1
0	304	0
0	1	1
0	10073	0
0	244	0
0	1	1
0	310	0
0	224	0
0	44	0
0	44	0
0	192	0
0	212	0
0	193	0
0	20	1
0	50	0
0	235	0
0	298	0
0	43	0
0	105	0
0	45	0
0	209	0
0	105	0
0	340	0
0	177	0
0	239	0
0	0	1
0	246	0
0	738	0
0	1	1
0	325	0
0	335	0
0	302	0
0	0	1
0	219	0
0	12983	0
0	343	0
0	228	0
0	3514	0
0	0	1
7	0	1
0	193	0
0	194	0
0	44	0
0	0	1
0	44	0
0	44	0
0	0	1
0	52	0
0	29	0
0	228	0
0	0	1
0	235	0
0	298	0
0	265	0
0	46	0
0	282	0
0	44	0
0	337	0
0	327	0
0	0	1
0	0	1
0	81	0
0	213	0
0	324	0
0	325	0
0	235	0
0	1	1
0	164	0
0	314	0
0	352	0
0	44	0
0	45	0
0	301	0
0	18	1
0	0	1
0	296	0
0	54	0
0	361	0
0	306	0
0	1	1
0	46	0
0	42562	0
0	0	1
0	210	0
0	307	0
0	326	0
0	46	0
0	262	0
0	313	0
0	276	0
0	868	0
0	55	0
0	237	0
0	289	0
0	249	0
0	333	0
0	0	1
0	44	0
0	208	0
0	224	0
0	236	0
0	53	0
1	1046	0
0	105	0
1179	146	0
0	319	0
0	0	1
0	310	0
0	293	0
0	210	0
0	1	1
0	53	0
0	868	0
0	0	1
0	5	0
0	3190	0
0	275	0
0	1	1
0	0	1
0	43	0
0	1	1
5	0	1
0	18	1
0	348	0
0	0	1
0	301	0
0	228	0
0	302	0
0	379	0
0	169	0
0	105	0
0	856	0
0	1	1
0	290	0
0	282	0
0	302	0
0	40494	0
0	205	0
0	226	0
0	1	0
0	209	0
0	219	0
0	105	0
0	352	0
2	718	0
0	229	0
0	296	0
0	28	0
0	288	0
0	295	0
0	207	0
0	245	0
0	0	1
0	1	0
0	287	0
0	6	0
0	220	0
0	0	1
0	55	0
0	0	1
0	292	0
0	212	0
0	168	0
0	352	0
0	8737	0
0	254	0
0	0	1
1	15827	0
0	45	0
0	0	1
0	741	0
0	0	1
0	304	0
0	281	0
0	383	0
0	231	0
0	184	0
0	301	0
0	232	0
0	52	0
0	20	1
0	336	0
0	0	1
0	289	0
0	236	0
0	358	0
0	316	0
0	324	0
0	309	0
0	320	0
0	0	1
2	0	1
0	218	0
0	0	1
0	0	1
0	1	1
0	0	1
0	0	1
0	46	0
0	218	0
0	310	0
0	45	0
0	217	0
0	18290	0
0	330	0
0	0	1
0	105	0
30	162	0
0	4753	0
0	1	1
0	1	0
0	0	1
0	247	0
0	1	0
0	223	0
0	298	0
1	39282	0
0	245	0
0	292	0
0	0	1
0	2833	0
0	342	0
0	9	0
0	231	0
0	45	0
0	270	0
0	251	0
0	0	1
0	105	0
0	330	0
0	253	0
0	223	0
0	1	1
0	274	0
0	18	1
0	40008	0
0	1	1
0	277	0
0	1	1
0	218	0
0	188	0
0	3909	0
41	123	0
0	189	0
0	314	0
0	296	0
0	307	0
0	0	1
0	224	0
0	45	0
0	44	0
0	240	0
0	43	0
0	15876	0
0	18	1
0	292	0
0	324	0
0	262	0
0	44	1
0	0	1
0	241	0
0	44	0
0	236	0
0	325	0
0	1	1
0	294812	0
0	0	1
0	251	0
0	200	0
0	269	0
0	55	0
0	321	0
0	295	0
0	44	0
0	237	0
0	8	1
0	44	0
0	185	0
0	304	0
0	331	0
0	293	0
1	24	1
0	221	0
0	0	1
1	14241	0
0	226	0
0	105	0
0	22	0
0	20	1
1	907	0
0	220	0
0	55	0
0	54	0
0	209	0
0	221	0
0	0	1
0	340	0
0	54	0
0	234	0
0	231	0
0	220	0
0	300	0
0	233	0
0	287	0
1	5959	0
0	1	1
0	206	0
0	372	0
0	228	0
11	1292	0
0	1	0
0	190	0
0	303	0
0	234	0
0	207	0
0	323	0
0	218	0
0	36	0
0	322	0
0	234	0
0	219	0
0	0	1
0	325	0
0	192	0
0	234	0
0	53	0
1	892	0
0	0	1
23	327	0
0	274	0
0	283	0
0	226	0
0	6	0
0	240	0
0	270	0
0	273	0
0	280	0
0	242	0
0	193	0
8890	1798	0
0	171	0
0	210	0
0	192	0
0	0	1
0	257	0
0	299	0
0	0	1
0	267	0
0	0	1
0	303	0
0	45	0
0	328	0
0	43	0
0	308	0
0	195	0
0	208	0
0	0	1
0	300	0
0	54	0
0	320	0
0	868	0
0	200	0
0	0	1
0	214	0
0	307	0
0	286	0
0	298	0
0	43	0
0	222	0
0	218	0
1	0	1
0	0	1
0	200	0
0	0	1
0	222	0
0	223	0
0	54	0
0	36	0
0	286	0
0	1	0
0	304	0
0	233	0
0	278	0
0	45	0
1	24	1
0	284	0
0	304	0
0	0	1
0	7	0
0	278	0
0	345	0
0	0	0
0	220	0
0	0	1
0	307	0
0	311	0
0	289	0
0	282	0
0	0	1
0	243	0
0	0	1
0	1	1
0	236	0
0	257	0
0	317	0
0	192	0
0	304	0
18	190	0
0	43	0
0	207	0
0	325	0
0	0	1
0	292	0
0	300	0
0	0	1
0	267	0
0	253	0
0	184	0
0	231	0
0	294	0
0	321	0
0	1093	0
0	215	0
0	339	0
0	192	0
0	228	0
0	227	0
0	0	1
0	340	0
0	0	0
0	44	0
0	44	0
0	0	1
0	189	0
0	1281	0
0	105	0
0	223	0
0	240	0
0	44	0
0	44	0
0	293	0
0	1	1
0	357	0
0	14	0
0	0	1
9	1069	0
0	54	0
0	226	0
0	328	0
0	44	0
0	105	0
0	348	0
0	286	0
0	210	0
0	161	0
0	18	1
0	327	0
0	328	0
0	1	1
0	223	0
0	0	1
0	36	0
0	0	1
0	307	0
0	261	0
0	6601	0
0	328	0
0	221	0
0	263	0
0	577	0
0	0	0
0	263	0
0	18	1
0	248	0
0	2138	0
0	105	0
0	615	0
0	251	0
0	20	1
0	223	0
0	0	1
0	1103	0
0	0	1
4	1676	0
0	161	0
0	8737	0
0	262	0
0	225	0
0	310	0
0	253	0
0	46	0
0	281	0
0	266	0
0	222	0
0	307	0
0	1	1
0	307	0
0	207	0
0	0	1
0	359	0
0	209	0
0	249	0
0	0	1
0	291	0
0	0	1
0	284	0
0	320	0
0	167	0
0	284	0
0	0	1
0	327	0
0	209	0
0	0	1
0	171	0
0	294	0
0	227	0
0	289	0
1	0	1
0	233	0
0	222	0
0	303	0
0	230	0
0	105	0
0	0	1
0	287	0
0	292	0
0	20	1
1	4734	0
0	44	0
0	316	0
0	233	0
0	105	0
0	330	0
0	205	0
0	0	1
0	55	0
0	0	1
0	0	1
0	244	0
0	0	1
0	329	0
9	230	0
0	202	0
0	213	0
0	231	0
0	223	0
0	0	1
0	1	0
0	266	0
0	298	0
0	1	1
0	1	1
0	0	1
53771	90	0
0	356	0
0	291	0
0	0	1
0	44	0
0	1480	0
0	335	0
0	0	1
0	181	0
0	0	1
0	226	0
0	223	0
0	9	0
0	1	1
0	320	0
0	215	0
0	311	0
0	233	0
0	1523	0
0	44	0
0	206	0
0	10	0
0	3650	0
0	0	1
0	45	0
0	0	1
0	221	0
0	46	0
0	44	0
5	3886954	0
0	278	0
0	1	1
0	161	0
0	210	0
0	219	0
0	0	1
0	231	0
0	189	0
0	396	0
0	195	0
0	0	1
0	56	0
0	36	0
0	356	0
5	0	1
0	0	1
0	220	0
0	165	0
0	204	0
0	310	0
0	290	0
0	325	0
0	226	0
0	228	0
0	45	0
0	40008	0
0	0	1
0	291	0
0	7	0
0	52	0
0	323	0
0	1288	0
0	0	1
0	213	0
0	168	0
0	0	1
0	54	0
0	160	0
0	234	0
0	326	0
0	46	0
0	54	0
0	227	0
0	238	0
0	298	0
29	42	0
0	259	0
0	44	0
0	209	0
0	263	0
0	0	1
0	0	0
0	319	0
0	252	0
0	52	0
0	105	0
0	2254	0
0	1	1
0	215	0
0	190	0
0	301	0
3	0	1
0	317	0
0	221	0
0	208	0
0	226	0
0	105	0
0	0	1
0	232	0
0	240	0
0	221	0
0	0	1
0	0	1
0	33	0
1	0	1
0	0	1
0	0	1
0	36	0
0	54	0
0	355	0
0	308	0
0	395	0
0	316	0
0	0	1
0	153	0
0	207	0
0	206	0
0	0	1
0	151	0
0	1	0
0	241	0
2	1179	0
0	1	1
1	0	1
0	205	0
0	105	0
0	162	0
0	0	1
0	233	0
0	0	1
0	18	1
0	42	0
0	306	0
0	300	0
0	0	1
0	235	0
0	324	0
0	42	0
1	1143	0
0	294	0
0	294	0
0	199	0
0	225	0
0	0	1
0	192	0
0	247	0
0	280	0
1	0	1
0	1	1
0	306	0
0	198	0
0	245	0
1	2776	0
0	0	0
0	248	0
0	285	0
0	245	0
0	1	1
1	0	1
0	215	0
0	45	0
0	226	0
0	115	0
0	219	0
0	1536	0
0	304	0
0	0	1
0	53	0
0	105	0
0	231	0
0	0	1
0	291	0
0	210	0
0	1	0
0	0	1
0	20	1
0	298	0
21	237	0
0	292	0
0	321	0
0	197	0
0	105	0
0	220	0
0	323	0
0	311	0
0	0	1
3	24	1
0	40008	0
0	189	0
0	46	0
0	228	0
0	0	1
0	319	0
0	20	1
0	325	0
0	269	0
0	615	0
0	45	0
0	324	0
0	52	0
0	1	0
0	45	0
0	309	0
0	316	0
0	322	0
0	300	0
0	342	0
0	21	1
0	308	0
2	869	0
0	0	1
0	0	1
0	105	0
0	247	0
0	282	0
0	309	0
0	328	0
0	0	1
0	6	0
0	47	0
0	0	1
0	271	0
0	202	0
0	64	0
0	218	0
0	149	0
0	214	0
20	233	0
0	291	0
0	28	0
2	1586	0
0	266	0
0	193	0
0	207	0
0	0	1
0	292	0
0	74	0
0	221	0
0	220	0
0	45	0
0	319	0
0	225	0
0	305	0
0	214	0
1	780	0
0	224	0
0	181	0
0	0	1
0	297	0
0	200	0
0	215	0
0	262	0
0	359	0
0	295	0
0	157	0
0	383	0
0	0	1
0	44	0
0	155	0
0	0	1
0	0	1
0	249	0
0	179	0
0	0	1
0	292	0
1	1512	0
0	224	0
0	248	0
0	351	0
0	336	0
4	24	1
0	305	0
0	0	0
0	335	0
0	191	0
0	317	0
0	0	1
0	159	0
0	215	0
0	401	0
0	352	0
0	1	0
0	295	0
0	193	0
0	296	0
0	53	0
0	53	0
0	282	0
0	315	0
0	371	0
0	1	1
0	279	0
0	234	0
0	234	0
0	250	0
0	0	1
0	321	0
0	319	0
0	0	1
0	45	0
0	227	0
0	337	0
0	0	1
0	1	0
0	72	0
0	46	0
0	0	1
0	223	0
0	0	1
0	0	1
0	0	1
0	0	1
0	0	1
0	0	1
0	36	0
0	294	0
0	615	0
0	20	1
0	366	0
0	312	0
0	46	0
0	318	0
0	345	0
0	183	0
0	0	0
0	294	0
0	44	0
0	14189	0
0	2049	0
0	0	1
0	221	0
0	312	0
0	295	0
1	1512	0
0	0	1
0	0	1
0	45	0
0	332	0
0	0	1
0	300	0
0	171	0
4	0	1
0	44	0
0	36	0
0	297	0
0	249	0
0	320	0
0	201	0
0	325	0
0	0	1
0	1	0
0	340	0
0	363	0
0	337	0
0	204	0
0	0	1
0	0	1
0	319	0
0	286	0
2362	150	0
0	295	0
0	289	0
0	326	0
0	285	0
0	312	0
0	229	0
0	204	0
0	261	0
0	233	0
0	235	0
0	0	1
0	0	1
0	195	0
0	244	0
1	2940	0
0	293	0
0	641	0
0	1239	0
0	245	0
0	43	0
0	0	1
0	346	0
0	0	1
0	281	0
0	292	0
0	42	0
0	215	0
0	222	0
0	1	1
0	313	0
0	36	0
0	295	0
0	221	0
0	306	0
0	301	0
0	241	0
0	225	0
0	353	0
0	327	0
0	231	0
0	53	0
0	301	0
0	0	1
1	1057	0
0	280	0
0	44	0
0	0	1
0	290	0
0	220	0
0	54	0
0	226	0
0	193	0
0	0	1
0	44	0
0	315	0
6	0	1
0	262	0
0	349	0
0	317	0
0	1	0
0	247	0
0	343	0
0	220	0
0	309	0
0	281	0
0	300	0
1	3144	0
0	239	0
0	239	0
297	252	0
0	18	1
0	20	1
0	182	0
0	0	1
0	105	0
0	43	0
0	207	0
0	269	0
0	0	1
0	157	0
0	330	0
28	386	0
0	0	1
0	53	0
0	302	0
0	300	0
0	235	0
0	44	0
0	246	0
0	202	0
0	242	0
0	1	0
0	296	0
1	0	1
0	302	0
0	35	0
0	66	0
0	251	0
0	197	0
0	295	0
0	27572	0
0	229	0
0	328	0
0	20	1
0	1909	0
0	282	0
0	0	1
0	213	0
0	296	0
1	1731	0
0	0	1
0	200	0
0	297	0
0	275	0
0	54	0
0	105	0
0	45	0
0	220	0
0	0	1
0	1	1
0	226	0
0	302	0
0	0	1
5566	864	0
0	0	1
0	0	1
0	233	0
0	209	0
0	274	0
0	0	1
0	12	0
0	213	0
0	208	0
0	186	0
0	289	0
0	879	0
0	0	1
0	0	1
0	53	0
0	152	0
0	52	0
0	219	0
0	54	0
0	292	0
0	301	0
0	145	0
0	219	0
0	59	0
0	8	1
0	1	1
0	157	0
0	360	0
0	335	0
0	1	1
0	366	0
0	43	0
0	310	0
0	411	0
0	306	0
0	641	0
0	306	0
0	305	0
0	232	0
0	296	0
0	331	0
0	5150	0
0	211	0
0	220	0
0	166	0
0	243	0
0	105	0
0	226	0
0	46	0
0	224	0
0	252	0
0	28	0
0	56	0
0	268	0
0	239	0
0	153	0
0	1	0
0	211	0
0	205	0
0	0	1
0	0	1
0	287	0
0	0	1
0	212	0
0	225	0
0	54	0
0	313	0
0	212	0
0	220	0
0	340	0
0	1480	0
0	293	0
0	0	1
0	226	0
0	29	0
0	215	0
0	339	0
0	231	0
0	304	0
0	338	0
0	34	0
0	383	0
0	378	0
0	227	0
0	234	0
0	195	0
0	377	0
0	233	0
0	288	0
0	300	0
0	1	1
0	210	0
0	324	0
0	297	0
0	0	1
1	0	1
0	54	0
0	0	0
0	198	0
0	1046	0
0	252	0
0	184	0
0	0	1
0	244	0
0	205	0
20	218	0
0	0	0
1	0	1
0	0	1
0	1439	0
13	147	0
0	230	0
0	290	0
0	1	1
0	0	1
0	269	0
0	36	0
0	310	0
0	0	1
0	0	1
0	152	0
0	264	0
0	222	0
0	298	0
0	230	0
0	305	0
0	16787	0
0	0	1
0	0	0
0	318	0
0	0	1
0	302	0
3	1844	0
0	349	0
0	309	0
0	162	0
0	321	0
0	20193	0
0	333	0
0	354	0
0	33	0
0	209	0
0	349	0
0	244	0
0	105	0
0	237	0
0	292	0
0	327	0
0	331	0
0	232	0
0	52	0
0	295	0
0	232	0
0	316	0
0	0	1
0	0	1
0	569	0
0	323	0
0	0	1
0	287	0
0	302	0
0	294	0
0	311	0
0	227	0
0	0	1
0	0	1
0	314	0
0	215	0
0	243	0
0	19	0
0	233	0
0	321	0
0	232	0
0	225	0
0	318	0
0	298	0
0	28	0
0	198	0
1	11629	0
1	0	1
0	221	0
0	203	0
2	1507	0
0	5	0
1	1541	0
0	279	0
0	232	0
0	687	0
0	56	0
1	24	1
0	304	0
0	0	1
0	1092	0
0	0	1
0	296	0
0	239	0
0	206	0
0	247	0
0	232	0
0	223	0
0	310	0
0	227	0
0	1	1
0	276	0
0	339	0
0	45	0
0	42	0
0	249	0
3	0	1
0	323	0
0	190	0
0	211	0
0	46	0
0	56	0
0	1407	0
0	230	0
0	252	0
0	313	0
0	204	0
0	297	0
0	278	0
0	296	0
0	218	0
0	0	1
1	2525	0
0	205	0
0	1	1
0	0	1
0	246	0
0	287	0
0	20	1
0	45	0
0	422	0
0	0	1
0	225	0
0	0	1
0	214	0
0	1	1
0	373	0
0	219	0
0	287	0
0	0	1
28	1031	0
0	229	0
0	213	0
0	189	0
0	0	1
0	0	1
0	105	0
0	52	0
0	55	0
0	259	0
0	0	0
0	32	0
0	325	0
0	238	0
0	298	0
0	1	1
0	393	0
0	234	0
0	0	1
0	224	0
0	384	0
0	214	0
0	335	0
1	5	1
0	301	0
0	774	0
0	233	0
0	0	1
0	194	0
0	46	0
0	45	0
0	208	0
0	303	0
0	0	1
0	209	0
0	0	1
0	0	1
0	195	0
1	987	0
0	308	0
0	11	0
0	207	0
0	158	0
0	0	1
0	342	0
0	45	0
0	0	1
0	18	1
0	277	0
1	0	1
0	221	0
0	0	1
0	42	0
0	211	0
0	206	0
0	7012	0
0	55	0
0	0	1
0	0	0
0	306	0
0	213	0
2	0	1
0	672	0
0	0	1
0	205	0
0	48	0
2	0	1
0	48	0
0	323	0
0	251	0
0	339	0
0	301	0
0	0	1
0	368	0
0	0	1
0	0	1
0	0	1
0	46	0
0	0	1
0	42	0
0	208	0
0	105	0
0	677	0
0	240	0
0	0	1
0	303	0
0	0	1
0	52	0
0	251	0
0	303	0
0	36	0
2	0	1
0	0	0
1	6	1
1	957	0
0	105	0
0	0	0
0	296	0
0	319	0
0	44	1
0	28	0
0	0	1
0	53	0
0	307	0
0	192	0
0	305	0
0	105	0
0	0	1
0	177	0
0	321	0
0	185	0
0	217	0
0	20	1
0	272	0
23	152	0
0	81	0
0	343	0
0	233	0
0	343	0
20	224	0
0	216	0
0	232	0
0	36	0
0	265	0
0	36	0
0	0	1
0	242	0
1	1006	0
0	309	0
0	0	1
0	1	0
0	303	0
0	0	1
0	286	0
0	0	1
0	0	1
0	299	0
0	1566	0
0	231	0
0	22	0
0	320	0
5	812	0
0	285	0
3	991	0
0	322	0
0	0	1
0	20	1
1	1613	0
0	0	1
0	1	1
0	367	0
0	344	0
0	306	0
0	280	0
0	45	0
0	303	0
0	203	0
0	325	0
0	311	0
0	0	1
0	255	0
0	1488	0
0	237	0
0	220	0
0	41	0
0	233	0
0	316	0
0	687	0
0	20	1
0	44	0
0	205	0
0	0	1
1	10804	0
0	317	0
0	1	1
0	0	1
0	295	0
0	46	0
0	1	1
0	501760	0
0	20	1
0	336	0
0	0	1
0	0	0
0	20	1
0	314	0
0	202	0
0	0	1
0	55	0
0	0	1
0	44	0
0	154	0
0	115	0
0	2407	0
0	42	0
0	53	0
0	353	0
0	0	1
0	687	0
0	301	0
0	321	0
0	236	0
0	0	1
0	0	1
0	224	0
0	308	0
0	218	0
0	241	0
0	202	0
0	330	0
0	1	1
0	199	0
0	1	1
0	225	0
0	353	0
0	219	0
0	241	0
0	209	0
0	318	0
0	237	0
0	195	0
0	302	0
0	30204	0
0	310	0
0	54	0
0	233	0
0	44	0
0	0	1
0	212	0
0	245	0
0	0	1
0	44	0
0	204	0
0	190	0
0	206	0
0	10	0
0	1	1
7	0	1
0	350	0
0	328	0
0	18	1
0	40008	0
0	0	1
0	252	0
0	211	0
0	306	0
0	230	0
0	285	0
0	44	0
0	300	0
0	315	0
0	0	1
3616	998	0
0	0	1
0	47	0
0	277	0
0	219	0
1	0	1
0	271	0
0	238	0
0	0	1
0	0	1
0	228	0
0	231	0
0	303	0
0	921	0
0	20	1
0	53	0
0	231	0
0	196	0
0	380	0
0	198	0
0	318	0
0	228	0
0	20	1
0	306	0
0	284	0
0	0	1
4	0	1
0	54	0
0	55	0
0	44	0
0	309	0
0	217	0
0	310	0
0	43	0
0	44	0
0	246	0
0	45	0
0	1	0
0	198	0
0	189	0
1	0	1
0	881	0
0	240118	0
0	0	1
0	0	1
0	53	0
0	1010	0
0	0	1
0	219	0
0	993	0
0	211	0
0	252	0
0	0	1
0	310	0
0	44	0
0	321	0
0	222	0
0	1	1
0	207	0
0	1037	0
0	1595	0
0	1	0
0	44	0
0	42	0
0	44	0
0	18	1
0	286	0
0	174	0
0	334	0
0	282	0
0	0	1
1	645	0
0	293	0
0	320	0
0	42	0
0	288	0
0	252	0
0	105	0
0	191	0
0	249	0
0	0	1
0	0	1
0	243	0
0	0	1
0	209	0
0	54	0
0	8	0
1	785	0
0	320	0
2	0	1
0	265	0
136	183	0
0	229	0
0	219	0
0	7	0
0	339	0
0	291	0
0	212	0
0	44	0
0	342	0
0	46	0
0	0	1
0	44	1
0	220	0
0	45	0
0	216	0
1	0	1
0	197	0
0	45	0
0	0	1
0	1	1
0	181	0
2	844	0
0	0	0
0	234	0
0	30	0
0	36	0
0	0	1
0	0	1
0	214	0
0	207	0
0	332	0
0	302	0
0	0	1
0	318	0
0	53	0
0	44	0
63	170	0
0	1	1
0	200	0
0	200	0
0	335	0
3	0	1
0	342	0
0	225	0
0	0	1
0	1	1
0	296	0
0	333	0
0	330	0
0	1	1
0	232	0
0	44	0
0	54	0
0	868	0
0	252	0
3	0	0
0	0	1
0	0	1
0	215	0
0	227	0
0	301	0
0	45	0
1179	146	0
0	313	0
0	334	0
0	322	0
0	328	0
0	291	0
0	0	1
0	0	1
0	54	0
0	304	0
0	249	0
0	227	0
0	0	1
0	349	0
0	18	1
0	234	0
0	0	1
0	272	0
0	215	0
0	213	0
0	205	0
0	208	0
0	45	0
0	244	0
3	24	1
0	302	0
0	215	0
4	24	1
0	231	0
0	1	1
3	0	1
0	219	0
0	250	0
0	325	0
0	348	0
0	317	0
0	615	0
0	238	0
0	324	0
0	253	0
0	308	0
0	22	0
0	242	0
0	278	0
0	43	0
0	44748	0
0	321	0
0	327	0
0	294	0
0	868	0
0	95	0
0	256	0
0	0	1
0	221	0
0	0	0
0	288	0
0	305	0
0	105	0
0	217	0
0	39276	0
3	0	1
0	273	0
0	286	0
0	4508	0
0	0	1
1	0	1
0	44	0
5	0	1
0	306	0
0	236	0
0	245	0
0	1	1
0	242	0
0	260	0
0	0	1
0	231	0
0	2346	0
0	484	0
0	207	0
0	298	0
0	307	0
0	308	0
0	0	1
0	313	0
0	313	0
0	0	1
0	220	0
0	298	0
0	8	1
0	356	0
0	287	0
0	320	0
3	0	1
0	273	0
0	330	0
0	0	1
0	232	0
0	209	0
0	1315	0
0	214	0
0	217	0
2	0	1
0	303	0
0	312	0
0	0	1
0	310	0
0	0	1
0	0	0
0	336	0
0	267	0
0	284	0
0	45	0
1	1141	0
0	266	0
0	235	0
0	0	1
0	348	0
0	46	0
0	0	1
0	336	0
0	255	0
0	772	0
0	295	0
0	217	0
0	0	1
0	0	1
0	0	1
0	0	1
0	220	0
0	270	0
0	1012	0
0	0	1
0	208	0
0	0	1
0	186	0
0	327	0
0	224	0
0	0	1
0	55	0
0	276	0
0	232	0
0	343	0
0	316	0
0	225	0
0	237	0
0	191	0
0	201	0
0	334	0
0	239	0
0	0	1
0	1085	0
0	14	0
0	129862	0
0	2799	0
0	43	0
0	316	0
0	283	0
1	6	1
0	212	0
0	323	0
0	6	0
0	285	0
0	165	0
0	291	0
0	239	0
0	218	0
0	52	0
0	20	1
0	214	0
0	0	0
0	45	0
0	1271	0
0	20	1
5	0	1
0	236	0
0	28	0
0	223	0
0	236	0
0	0	1
0	54	0
0	223	0
0	20	1
0	0	1
0	204	0
0	105	0
0	265	0
0	208	0
0	45	0
0	225	0
0	291	0
2	24	1
0	0	1
0	0	1
0	159	0
0	247	0
8	0	1
0	286	0
0	224	0
0	309	0
0	327	0
0	464	0
4497	831	0
0	313	0
0	332	0
0	0	0
0	30	0
0	1	0
0	30	0
0	215	0
0	225	0
0	205	0
0	366	0
0	105	0
0	7940	0
0	316	0
0	210	0
0	217	0
0	200	0
0	290	0
0	208	0
0	226	0
0	1	1
0	0	1
0	51	0
0	227	0
0	199	0
0	306	0
0	336	0
0	313	0
0	0	1
0	236	0
0	309	0
0	352	0
0	310	0
0	163	0
0	288	0
57	50	0
0	1	1
0	0	1
0	250	0
0	214	0
0	0	1
0	0	1
0	222	0
0	207	0
0	213	0
0	330	0
0	204	0
0	0	1
0	304	0
0	307	0
0	332	0
0	293	0
0	166	0
0	302	0
0	207	0
0	287	0
0	0	1
0	335	0
0	0	1
0	232	0
0	289	0
0	200	0
0	44	0
0	225	0
0	0	0
0	0	1
0	12	0
0	1	1
0	229	0
0	0	1
0	0	1
0	293	0
0	0	1
0	221	0
0	212	0
0	334	0
0	235	0
0	0	1
0	279	0
0	42	0
0	36	0
0	307	0
0	212	0
0	0	1
0	297	0
0	222	0
0	105	0
0	1	0
0	197	0
0	209	0
0	231	0
0	0	1
0	222	0
0	35	0
0	1	0
0	178	0
0	194	0
0	232	0
0	868	0
0	194	0
0	43	0
0	228	0
0	314	0
0	45	0
0	268	0
0	1	0
0	298	0
0	197	0
0	0	1
0	331	0
0	0	1
0	0	1
0	344	0
0	391	0
0	921	0
0	292	0
0	1	1
0	46	0
0	0	1
0	303	0
0	30	0
0	295	0
0	0	1
0	1	1
0	305	0
0	202	0
0	322	0
0	0	1
0	332	0
0	46	0
0	1	1
0	212	0
0	18	1
0	0	1
0	306	0
0	105	0
0	301	0
0	214	0
0	239	0
0	250	0
0	305	0
0	0	1
0	0	1
0	55	0
0	302	0
0	46	0
0	1058	0
0	344	0
0	334	0
0	329	0
0	170	0
0	785	0
0	0	1
0	208	0
0	208	0
0	300	0
0	326	0
0	184	0
0	192	0
0	0	1
0	236	0
0	216	0
0	311	0
0	293	0
0	0	1
0	244	0
0	44	0
0	238	0
0	0	1
0	338	0
4928	1095	0
0	44	0
0	1	1
0	663	0
0	283	0
0	345	0
0	0	1
2	0	1
0	277	0
0	279	0
0	323	0
0	214	0
0	205	0
0	46	0
0	235	0
0	190	0
0	244	0
0	244	0
0	344	0
0	304	0
0	230	0
0	45	0
0	54	0
0	173	0
0	228	0
0	297	0
0	221	0
0	44	0
2	1043	0
0	237	0
0	105	0
11	6	1
0	321	0
0	55	0
0	8	1
0	151	0
0	333	0
0	345	0
0	0	1
0	43	0
0	321	0
0	242	0
0	215	0
0	299	0
0	204	0
0	0	0
0	235	0
0	0	1
0	294	0
0	55	0
0	251	0
0	1	1
0	0	1
0	1	0
0	2027	0
0	233	0
0	54	0
0	226	0
0	1480	0
0	338	0
2	1372	0
22	227	0
0	302	0
0	218	0
0	252	0
0	40008	0
0	46	0
0	246	0
0	0	1
0	1	0
1	1689	0
0	45	0
0	43	0
0	224	0
0	232	0
0	342	0
0	217	0
0	216	0
27	326	0
1	0	1
0	53	0
0	306	0
0	204	0
0	18	1
0	303	0
0	240	0
0	344	0
0	326	0
0	317	0
0	0	1
0	324	0
0	432	0
0	0	1
0	288	0
1	1564	0
0	0	1
0	306	0
0	40	1
1	15	1
0	299	0
0	121	0
0	251	0
0	192	0
0	0	1
0	219	0
0	18	1
0	20	1
0	256	0
0	358	0
0	0	1
0	0	1
0	338	0
0	315	0
0	20	1
0	322	0
22	218	0
0	324	0
0	1	1
0	55	0
0	304	0
0	20	1
2	673	0
0	150	0
0	45	0
0	240	0
0	293	0
0	287	0
0	235	0
0	46	0
0	233	0
0	340	0
0	258	0
0	74	0
0	52	0
0	279	0
0	779	0
0	329	0
0	45	0
0	16115	0
0	339	0
0	280	0
0	298	0
0	59	0
0	10	0
0	0	0
0	0	1
0	0	1
1	853	0
0	0	0
0	43	0
0	1	0
0	28	0
0	0	1
0	0	1
0	0	1
0	206	0
0	359	0
0	204	0
2	24	1
0	353	0
0	0	1
0	312	0
0	308	0
0	105	0
0	357	0
0	232	0
0	46	0
0	1	1
0	1	1
0	272	0
0	158	0
0	0	1
0	202	0
0	217	0
0	1	1
0	396	0
0	2867	0
0	0	1
0	46	0
0	0	0
0	233	0
0	207	0
0	227	0
0	219	0
0	278	0
0	1	1
0	200	0
0	321	0
0	1	1
0	105	0
0	222	0
0	241	0
0	0	1
0	0	1
0	237	0
0	45	0
0	12324	0
0	217	0
0	0	0
0	226	0
0	310	0
0	0	1
0	0	1
0	195	0
0	304	0
0	233	0
0	2512	0
0	0	0
0	214	0
0	42	0
0	307	0
0	43	0
0	44	0
0	298	0
0	0	1
0	0	1
0	322	0
0	53	0
1	885	0
0	0	1
0	225	0
0	222	0
0	312	0
0	342	0
2	24	1
0	339	0
0	233	0
0	155	0
0	386	0
0	44	0
0	1	1
0	284	0
0	217	0
0	0	1
1	1158	0
0	42	0
0	197	0
0	1	1
0	1	1
0	160	0
0	305	0
0	0	1
0	244	0
0	279	0
0	205	0
0	0	0
0	204	0
0	243	0
0	314	0
0	1	1
0	1467	0
0	20	1
0	54	0
0	202	0
0	40008	0
0	46	0
0	0	0
0	0	1
0	304	0
0	296	0
0	42	0
0	239	0
0	44	0
0	223	0
0	324	0
0	34	0
0	309	0
0	234	0
0	10	0
0	2012	0
0	0	1
0	287	0
0	273	0
0	311	0
0	314	0
0	55	0
0	285	0
0	304	0
0	228	0
0	0	1
0	336	0
0	0	0
0	218	0
0	20	1
0	7	0
0	306	0
0	170	0
0	0	1
0	0	1
0	33	0
0	148	0
0	292	0
0	44	0
0	304	0
0	36	0
0	314	0
0	267	0
0	206	0
0	221	0
0	1	0
0	0	1
0	321	0
0	246	0
0	0	1
0	44	0
0	305	0
0	190	0
0	11	0
0	302	0
0	207	0
0	220	0
0	230	0
0	210	0
1	192	0
0	219	0
0	241	0
0	51	0
0	327	0
0	300	0
0	18	1
0	291	0
0	45	0
0	105	0
0	52	0
1	0	1
0	315	0
0	229	0
0	280	0
0	0	1
0	687	0
0	45	0
0	45	0
0	46	0
1	1692	0
0	42	0
0	218	0
0	1991	0
0	232	0
0	228	0
0	1797	0
0	1	1
0	1	1
0	0	1
1	0	1
0	0	1
0	52	0
0	54	0
0	0	1
0	1	1
0	219	0
1	1617	0
0	0	0
0	230	0
1	1031	0
0	854	0
0	194	0
0	45	0
0	273	0
0	51	0
0	44	0
0	1	1
0	0	1
0	307	0
0	232	0
0	309	0
0	283	0
0	351	0
0	258	0
0	294	0
0	222	0
0	263	0
0	904	0
0	205	0
0	44	0
0	303	0
0	212	0
0	311	0
0	0	1
0	46	0
0	321	0
0	335	0
0	299	0
0	53	0
1	1881	0
0	332	0
0	10389	0
0	46	0
0	168	0
2359	146	0
0	219	0
0	289	0
0	2813	0
0	0	1
0	207	0
0	324	0
0	18	1
0	316	0
0	0	1
0	1447	0
0	46	0
0	243	0
0	289	0
0	4226	0
0	301	0
0	303	0
0	0	1
0	225	0
0	1	1
1	1316	0
0	6581	0
0	46	0
0	192	0
0	53	0
0	1	0
1	0	1
0	290	0
0	312	0
0	302	0
0	181	0
0	289	0
0	164	0
0	205	0
0	209	0
0	281	0
0	226	0
0	213	0
0	205	0
0	105	0
0	215	0
0	64	0
0	313	0
0	310	0
0	359	0
0	238	0
0	45	0
0	0	1
0	329	0
0	286	0
0	54	0
0	294	0
0	273	0
0	236	0
0	42	0
0	564	0
0	336	0
0	312	0
0	339	0
0	0	1
0	242	0
0	178	0
0	240	0
3	24	1
0	260	0
0	0	0
0	54	0
0	1	0
0	0	1
0	193	0
0	319	0
0	0	1
0	255	0
0	206	0
0	314	0
0	1	1
0	55	0
0	336	0
0	0	1
0	206	0
0	45	0
0	43	0
0	210	0
0	338	0
1	0	1
0	48	0
0	0	1
0	231	0
0	202	0
0	202	0
0	306	0
1	0	1
0	86	0
0	242	0
0	306	0
0	204	0
0	1	0
0	294	0
0	53	0
0	0	1
0	0	1
0	687	0
0	250	0
0	332	0
0	40	0
0	321	0
0	1397	0
0	105	0
0	0	1
0	231	0
0	0	1
0	1	1
1	0	1
1	0	1
0	45	0
0	61	0
0	0	1
0	283	0
0	223	0
0	330	0
0	4943	0
0	0	1
0	215	0
0	228	0
0	218	0
0	8	1
0	283	0
0	192	0
0	0	1
0	1626	0
0	310	0
0	338	0
0	212	0
0	165	0
3	269	0
0	1	1
0	179	0
0	202	0
0	45	0
0	42	0
0	304	0
0	229	0
0	0	1
0	314	0
0	300	0
1	0	1
0	281	0
0	42	0
0	0	1
0	257	0
0	265	0
0	1	1
0	306	0
0	289	0
0	307	0
0	43	0
0	46	0
0	335	0
0	105	0
0	0	1
0	714	0
0	0	1
0	202	0
0	214	0
0	0	1
0	254	0
0	319	0
0	314	0
0	319	0
0	173	0
0	53	0
0	196	0
0	45	0
0	328	0
0	218	0
0	44	0
0	321	0
0	291	0
0	55	0
0	304	0
0	229	0
0	314	0
0	44	0
0	0	1
0	20	1
0	42	0
0	229	0
0	231	0
0	341	0
0	323	0
0	105	0
0	0	1
0	312	0
0	191	0
0	0	1
0	283	0
0	42	0
0	300	0
0	281	0
0	148	0
0	53	0
0	53	0
0	239	0
0	335	0
0	11	0
0	351	0
0	318	0
0	1239	0
0	0	1
5	0	1
0	281	0
0	255	0
0	228	0
0	219	0
0	0	0
0	1	1
0	215	0
0	212	0
0	1	1
0	218	0
0	341	0
0	45	0
214	167	0
0	0	1
0	227	0
0	224	0
0	224	0
0	217	0
0	45	0
0	43	0
0	0	1
0	223	0
0	231	0
0	284	0
0	261	0
0	30	0
0	274	0
0	0	1
0	287	0
0	1	1
0	235	0
0	209	0
0	1	1
0	20	1
0	0	1
0	313	0
0	28	0
3	0	1
0	218	0
0	240	0
0	54	0
0	1	1
0	81	0
0	299	0
0	289	0
0	289	0
0	1918	0
0	306	0
0	10389	0
0	326	0
0	206	0
0	20	1
0	292	0
0	44	0
0	350	0
0	8	1
0	1	1
0	172	0
0	857	0
0	245	0
0	105	0
0	1	1
0	45	0
0	203	0
0	43	0
0	162	0
0	230	0
0	0	1
0	0	1
6	0	1
0	0	1
0	376	0
0	217	0
0	232	0
0	0	1
0	310	0
0	42	0
0	0	1
0	335	0
0	308	0
0	263	0
0	53	0
0	42	0
0	55	0
0	0	1
0	234	0
0	197	0
0	181	0
22174	13948	0
0	190	0
0	0	1
0	55	0
0	0	1
0	1	1
0	299	0
0	353	0
0	0	1
0	322	0
0	0	1
0	312	0
0	220	0
0	0	1
0	105	0
0	7074	0
0	0	0
0	105	0
0	15377	0
0	1	1
0	330	0
0	914	0
0	223	0
0	229	0
0	215	0
0	0	1
0	220	0
0	294	0
0	1	0
0	0	1
0	0	1
0	0	1
0	313	0
0	221	0
0	249	0
0	44	0
0	1148	0
0	174	0
0	36	0
0	54	0
0	210	0
0	55	0
0	0	1
0	207	0
182	334	0
0	321	0
0	302	0
0	216	0
0	52	0
0	281	0
0	0	1
0	205	0
0	46	0
0	230	0
0	279	0
0	240	0
0	314	0
0	288	0
0	43	0
0	46	0
0	48	0
0	199	0
0	29	0
0	291	0
0	30	0
0	77	0
0	219	0
0	345	0
0	0	1
0	282	0
0	354	0
0	248	0
0	0	0
0	0	1
0	145	0
0	0	1
0	296	0
0	321	0
0	246	0
0	242	0
0	209	0
0	315	0
0	249	0
0	8	1
0	43	0
0	266	0
0	0	0
0	44	0
1	0	1
0	54	0
0	243	0
0	152	0
0	233	0
0	235	0
0	54	0
0	0	1
0	8173	0
0	105	0
0	355	0
0	308	0
0	105	0
0	44	0
0	221	0
0	30	0
0	0	1
0	356	0
0	245	0
0	248	0
0	44	0
0	310	0
1	0	1
0	217	0
0	45	0
0	197	0
0	214	0
1	7184	0
0	282	0
0	327	0
20	222	0
0	262	0
0	253	0
0	161	0
0	201	0
0	0	1
0	1	1
0	322	0
0	206	0
0	215	0
0	294	0
0	54	0
0	0	1
0	324	0
0	336	0
0	241	0
0	319	0
0	250	0
0	321	0
0	385	0
0	0	1
0	280	0
0	241	0
0	362	0
0	303	0
0	243	0
0	18	1
23	287	0
0	207	0
0	324	0
0	224	0
0	99	0
0	225	0
0	0	1
0	286	0
0	200	0
0	0	0
0	43	0
0	349	0
0	1	1
0	328	0
0	0	1
0	221	0
0	335	0
0	189	0
0	0	1
0	0	1
0	1	1
0	1	0
0	324	0
3	0	1
0	20	1
0	0	1
0	0	1
0	305	0
0	219	0
0	261	0
0	46	0
0	199	0
0	20	1
0	56	0
0	1030	0
0	52	0
0	45	0
0	242	0
0	55	0
0	197	0
0	292	0
0	305	0
0	275	0
0	28	0
0	74	0
0	455	0
0	254	0
0	326	0
0	54	0
0	319	0
0	316	0
0	259	0
0	55	0
0	0	1
0	200	0
0	321	0
0	0	1
0	174	0
0	1	1
0	54	0
0	282	0
0	255	0
0	8	1
0	223	0
0	246	0
0	293	0
2	0	1
0	0	0
49	217	0
0	305	0
0	295	0
0	0	1
0	8	1
0	0	1
0	20	1
0	217	0
0	164	0
0	303	0
0	0	1
0	299	0
0	20	1
0	223	0
0	271	0
3	0	1
0	54	0
0	240	0
0	226	0
0	354	0
0	105	0
0	1	1
0	202	0
0	223	0
0	0	1
0	227	0
0	29	0
0	228	0
0	250	0
0	339	0
0	53	0
0	215	0
0	171	0
0	267	0
0	75	0
1	0	1
0	224	0
0	868	0
0	20	1
0	42	0
0	237	0
0	311	0
0	330	0
0	0	1
0	339	0
0	1627	0
0	0	1
0	306	0
0	364	0
0	238	0
0	54	0
0	317	0
0	42	0
0	324	0
0	288	0
0	52	0
0	249	0
0	44	1
0	44	0
0	0	1
0	171	0
0	165	0
0	203	0
0	717	0
0	0	0
0	53	0
0	44	0
0	273	0
1	0	1
0	240	0
0	52	0
0	343	0
0	243	0
0	105	0
0	292	0
0	260	0
0	1	0
0	312	0
0	0	1
0	296	0
0	1	1
0	293	0
0	45	0
0	1480	0
0	42	0
0	44748	0
0	362	0
440	257	0
0	0	1
0	0	1
0	349	0
0	29	0
0	292	0
0	313	0
0	687	0
0	144	0
0	0	1
1	1677	0
0	179	0
0	228	0
0	219	0
0	292	0
0	0	1
1	745	0
0	311	0
0	0	1
0	0	1
0	0	1
0	213	0
0	249	0
0	319	0
0	206	0
0	188	0
0	321	0
0	1	1
0	20	1
0	301	0
0	206	0
0	377	0
0	305	0
1	4329	0
0	0	1
0	308	0
0	213	0
0	249	0
0	0	0
0	40008	0
0	0	1
0	204	0
0	291	0
0	0	1
0	269	0
0	523	0
0	45	0
0	147	0
0	281	0
0	199	0
0	293	0
0	1	1
0	301	0
0	46	0
0	214	0
0	223	0
0	43	0
0	218	0
0	0	1
0	308	0
0	310	0
0	319	0
0	1	1
4	1411	0
0	218	0
0	1382	0
0	1	1
0	209	0
5	0	1
0	0	1
0	304	0
0	310	0
0	1	1
0	365	0
0	45	0
0	43	0
0	206	0
0	20	1
0	1212	0
0	0	1
0	724	0
0	231	0
0	284	0
20	408	0
0	206	0
0	235	0
0	331	0
0	32	0
0	0	1
0	0	1
0	219	0
0	197	0
0	43	0
0	319	0
0	296	0
0	0	1
0	293	0
0	147	0
0	244	0
0	0	1
0	105	0
0	44	0
0	36	0
0	280	0
0	226	0
0	1	1
0	46	0
0	312	0
0	105	0
0	204	0
0	204	0
0	0	1
0	336	0
0	305	0
0	282	0
160	327	0
0	18	1
0	289	0
0	192	0
0	105	0
0	305	0
0	313	0
0	297	0
0	259	0
0	0	0
0	225	0
0	223	0
1	1206	0
0	199	0
0	34	0
0	12	0
1179	146	0
0	46	0
0	641	0
0	302	0
0	225	0
0	0	0
0	296	0
0	328	0
0	1515	0
0	236	0
0	207	0
0	265	0
0	55	0
0	160	0
0	8	1
0	0	0
0	0	1
0	231	0
0	322	0
0	173	0
0	217	0
0	232	0
0	43	0
0	350	0
0	0	1
1	24	1
0	105	0
0	202	0
0	0	1
0	296	0
0	243	0
0	240	0
0	223	0
0	250	0
0	1892	0
0	203	0
0	30	0
48	292	0
0	235	0
0	45	0
0	302	0
0	0	1
0	0	1
0	241	0
0	287	0
0	293	0
0	293	0
0	242	0
0	0	1
0	285	0
0	0	1
0	0	0
0	0	1
0	160	0
0	215	0
0	201	0
0	40008	0
2	0	1
0	2956	0
0	229	0
0	36	0
0	0	1
0	323	0
0	0	1
0	216	0
0	367	0
0	0	1
0	204	0
0	53	0
2	24	1
0	312	0
0	0	1
0	107	0
0	0	1
0	328	0
1	1216	0
0	53	0
0	203	0
0	44	0
0	213	0
0	323	0
0	342	0
0	329	0
0	345	0
0	176	0
0	105	0
0	0	1
0	43	0
0	297	0
0	351	0
0	242	0
0	198	0
0	234	0
0	0	1
0	316	0
0	208	0
0	36	0
0	230	0
0	290	0
0	206	0
0	347	0
35	660	0
0	313	0
0	0	1
0	53	0
0	42	0
0	268	0
0	275	0
0	2586	0
2	24	1
0	204	0
0	44	0
0	0	1
0	1	0
0	1	0
0	45	0
0	641	0
0	329	0
0	45	0
0	204	0
0	0	0
0	198	0
0	237	0
0	190	0
0	185	0
0	292	0
0	256	0
0	251	0
0	0	1
0	328	0
0	280	0
0	308	0
0	230	0
0	306	0
0	302	0
0	43	0
0	306	0
0	197	0
0	312	0
0	313	0
0	0	1
0	338	0
0	293	0
0	0	1
0	254	0
0	0	1
0	214	0
0	56	0
0	322	0
0	6932	0
0	224	0
0	233	0
0	43	0
0	224	0
0	216	0
0	1	1
0	248	0
0	44	0
0	240	0
0	21	1
0	225	0
0	0	1
0	81	0
0	209	0
0	814	0
0	0	1
0	329	0
0	223	0
0	1	1
0	828	0
0	198	0
0	160	0
0	341	0
0	241	0
0	211	0
0	212	0
2	1288	0
0	235	0
0	0	1
0	43	0
0	18	1
0	46	0
0	1	1
0	309	0
0	328	0
0	291	0
0	295	0
0	18	1
0	313	0
0	478	0
0	265	0
0	190	0
0	248	0
1	2564	0
0	956	0
0	259	0
0	199	0
0	8	1
0	53	0
0	0	1
0	324	0
0	0	1
0	331	0
0	238	0
0	20	1
0	218	0
0	323	0
2	1040	0
0	1	1
0	207	0
0	46	0
0	227	0
0	235	0
0	1	1
0	35	0
1	0	1
0	306	0
0	247	0
0	1480	0
0	46	0
0	221	0
0	53	0
0	349	0
0	44	0
0	294	0
0	105	0
0	205	0
0	53	0
0	18	1
0	53	0
99	278	0
0	318	0
0	334	0
0	292	0
0	254	0
0	304	0
0	212	0
0	687	0
0	323	0
0	266	0
0	1	0
0	261	0
0	299	0
0	284	0
0	221	0
0	313	0
0	230	0
0	208	0
0	0	1
0	307	0
0	10008	0
0	0	1
0	207	0
0	0	1
0	0	1
1	0	1
0	0	1
0	55	0
0	298	0
0	45	0
0	1371	0
0	22	0
0	18	1
0	251	0
0	234	0
0	20	1
0	209	0
1	1885	0
0	9311	0
0	212	0
0	0	1
0	44	0
0	0	1
0	290	0
1	1222	0
0	175	0
0	252	0
2	24	1
0	45	0
0	54	0
0	223	0
0	44	0
0	222	0
0	215	0
0	241	0
0	1175	0
0	46	0
0	18	1
0	197	0
0	197	0
0	229	0
0	1	1
0	329	0
0	214	0
0	363	0
0	173	0
0	53	0
2	0	1
0	54	0
0	0	1
0	246	0
0	52	0
0	212	0
0	305	0
0	307	0
0	18	1
0	290	0
0	274	0
3	0	1
0	0	1
0	7162	0
0	351	0
0	226	0
0	216	0
0	0	1
0	54	0
0	261	0
1	3787	0
0	0	1
0	194	0
0	42	0
0	54	0
0	0	1
0	0	1
0	289	0
0	20	1
0	340	0
0	324	0
0	207	0
0	818	0
0	208	0
0	318	0
0	244	0
0	308	0
0	292	0
0	287	0
0	212	0
4	24	1
0	237	0
0	54	0
0	232	0
0	249	0
0	55	0
0	1	1
0	240	0
0	337	0
0	0	1
0	231	0
0	205	0
0	210	0
0	275	0
0	16196	0
0	160	0
1	6	1
0	296	0
0	306	0
0	0	1
0	0	1
0	303	0
0	1	0
0	321	0
0	279	0
0	46	0
0	105	0
0	261	0
0	0	1
0	0	1
0	105	0
0	336	0
0	20	1
1	1520	0
0	325	0
0	105	0
0	326	0
0	0	1
0	209	0
0	189	0
0	209	0
0	0	1
0	204	0
0	1761	0
0	200	0
0	313	0
0	45	0
0	492	0
0	211	0
0	312	0
0	224	0
0	311	0
0	213	0
0	296	0
0	261	0
0	313	0
0	221	0
0	1	0
0	44	0
0	46	0
0	0	0
0	45	0
0	274	0
1	0	1
0	222	0
0	211	0
0	0	0
0	263	0
0	263	0
0	35	0
0	0	1
0	52	0
0	105	0
0	201	0
0	0	1
1	1304	0
0	0	0
0	286	0
0	330	0
0	105	0
0	613	0
0	293	0
0	308	0
0	219	0
0	164	0
0	315	0
0	315	0
0	251	0
0	225	0
0	1	0
0	1	1
0	342	0
0	247	0
0	320	0
0	301	0
59	321	0
0	53	0
0	302	0
0	206	0
0	281	0
0	221	0
0	0	1
315	198	0
0	0	1
1	1302	0
0	42	0
0	242	0
30	327	0
0	0	1
0	291	0
0	0	0
0	282	0
0	235	0
0	251	0
0	299	0
0	236	0
0	323	0
0	30	0
0	0	1
0	3136	0
0	219	0
0	1	1
0	318	0
0	46	0
0	45	0
0	228	0
0	299	0
0	350	0
0	18	1
0	1	1
0	105	0
0	293	0
0	0	1
0	288	0
0	30	0
0	0	1
1	0	1
0	105	0
0	192	0
0	177	0
0	253	0
0	0	1
0	295	0
0	1	1
23	292	0
0	36	0
0	342	0
0	335	0
0	0	1
0	0	1
0	263	0
0	243	0
0	30	0
0	547	0
0	54	0
0	218	0
0	299	0
0	30774	0
0	0	1
0	218	0
0	327	0
0	206	0
0	290	0
0	0	1
0	299	0
0	32813	0
0	16787	0
0	18	1
2	24	1
0	220	0
0	194	0
0	314	0
0	261	0
0	0	1
0	44	0
0	45	0
0	7673	0
0	159	0
0	53	0
0	321	0
0	615	0
0	0	1
0	246	0
0	105	0
0	214	0
0	320	0
0	222	0
0	0	1
0	240	0
0	299	0
0	1	0
0	263	0
1	0	1
0	1231	0
0	0	1
0	18	1
0	258	0
0	2742	0
0	201	0
0	220	0
0	308	0
0	0	1
0	0	1
0	233	0
0	266	0
0	295	0
0	256	0
0	285	0
0	0	1
26	721	0
0	294	0
0	353	0
0	215	0
0	188	0
0	317	0
0	376	0
0	53	0
0	1	1
0	209	0
0	0	1
0	321	0
0	159	0
0	355	0
0	0	1
0	14	0
0	204	0
0	1	1
0	190	0
0	93	0
0	280	0
0	317	0
0	195	0
0	1	1
1	0	1
0	46	0
0	181	0
0	285	0
0	51	0
0	1	1
0	1	1
0	286	0
0	286	0
0	280	0
0	331	0
0	383	0
0	1	0
0	46	0
0	214	0
0	303	0
0	282	0
0	0	1
5	0	1
0	258	0
0	0	1
0	286	0
0	254	0
0	332	0
0	309	0
0	0	1
0	56	0
0	15377	0
0	206	0
0	316	0
0	105	0
0	324	0
0	204	0
0	1	0
0	43	0
0	207	0
0	229	0
0	323	0
0	170	0
0	343	0
0	260	0
0	367	0
0	215	0
0	46	0
0	294	0
0	0	0
0	266	0
0	306	0
0	44	0
0	105	0
0	43	0
2	0	1
0	340	0
0	46	0
0	205	0
0	36	0
0	21	1
0	275	0
0	56	0
116	226	0
0	213	0
0	46	0
0	0	1
0	105	0
0	1	1
0	296	0
0	319	0
0	197	0
0	330	0
0	1	1
0	0	1
0	210	0
0	214	0
0	207	0
0	1	1
0	54	0
0	53	0
0	247	0
0	43	0
0	214	0
0	1	1
0	20	1
0	346	0
0	45	0
0	297	0
0	322	0
0	0	1
0	168	0
0	0	1
0	1	0
0	205	0
0	220	0
0	216	0
0	208	0
0	1	0
0	235	0
0	233	0
0	105	0
0	355	0
1	648	0
0	55	0
0	53	0
0	28	0
0	196	0
0	43	0
0	287	0
0	45	0
0	305	0
0	257	0
0	188	0
0	269	0
0	307	0
0	1	0
0	54	0
0	197	0
0	749	0
0	1	1
0	223	0
0	257	0
0	0	1
0	221	0
0	369	0
0	321	0
0	0	1
0	0	1
0	204	0
0	227	0
0	320	0
0	8	0
0	227	0
0	0	1
0	317	0
0	209	0
0	0	1
0	421	0
0	248	0
0	88382	0
0	250	0
0	245	0
0	235	0
0	232	0
0	307	0
0	221	0
0	303	0
0	36	0
0	292	0
0	243	0
0	266	0
0	776	0
0	0	1
0	307	0
0	1	1
0	292	0
1	1077	0
0	298	0
0	43	0
0	6408	0
0	309	0
1	1441	0
0	0	1
0	687	0
0	319	0
0	178	0
0	0	1
0	305	0
0	153	0
0	0	1
0	206	0
0	0	1
0	52	0
0	333	0
0	46	0
0	28	0
0	360	0
0	2664	0
0	324	0
0	0	1
0	219	0
0	173	0
0	55	0
0	229	0
0	213	0
0	297	0
0	218	0
0	234	0
0	338	0
0	0	1
0	0	1
0	292	0
0	0	1
0	252	0
0	77332	0
0	358	0
0	0	1
0	240	0
0	301	0
0	1	1
0	55	0
5	1824	0
1	13334	0
0	288	0
0	235	0
0	1	1
0	212	0
0	312	0
0	0	1
0	229	0
0	199	0
0	293	0
0	141	0
0	0	1
0	8173	0
0	266	0
0	55	0
0	334	0
0	642	0
0	271	0
0	200	0
0	212	0
0	232	0
0	336	0
0	0	1
0	43	0
0	1	1
0	208	0
0	280	0
0	0	1
0	151	0
0	43	0
0	231	0
65	168	0
0	260	0
0	206	0
0	0	1
0	0	1
1	0	1
3	0	1
0	315	0
1	0	1
3	4247	0
0	0	1
0	150	0
0	1	1
0	45	0
0	221	0
6	5772	0
0	237	0
0	0	1
1	0	1
0	305	0
0	336	0
0	232	0
0	20	1
0	54	0
0	205	0
0	309	0
0	326	0
0	311	0
0	1698	0
0	1	1
0	0	1
0	192	0
0	208	0
0	52	0
0	240	0
0	0	1
0	105	0
0	245	0
0	175	0
0	1588	0
0	221	0
0	6601	0
0	210	0
0	307	0
0	5	1
0	289	0
0	157	0
0	385	0
0	0	1
0	54	0
0	314	0
0	203	0
0	15722	0
0	211	0
0	383	0
0	328	0
1	1121	0
0	228	0
0	205	0
0	721	0
0	209	0
0	44	0
0	43	0
0	292	0
0	20008	0
0	0	1
0	214	0
0	0	1
0	42	0
0	310	0
0	205	0
0	249	0
0	0	1
0	18	1
0	352	0
0	200	0
0	227	0
0	336	0
0	206	0
94	1040	0
0	46	0
0	20	1
0	239	0
0	18	1
0	326	0
0	218	0
0	339	0
0	215	0
0	395	0
0	55	0
0	0	1
0	105	0
0	53	0
0	205	0
0	337	0
0	226	0
0	0	1
0	337	0
0	192	0
0	177	0
0	201	0
1	1146	0
0	36	0
0	55	0
0	0	1
0	44	0
2	2036	0
0	0	1
0	0	1
0	311	0
0	240	0
0	44	0
0	1	0
0	2380	0
0	877	0
0	311	0
0	221	0
0	0	1
0	0	1
0	0	1
0	210	0
0	322	0
0	4237	0
0	252	0
0	221	0
0	220	0
0	18	1
0	306	0
0	239	0
0	0	1
0	213	0
0	227	0
0	230	0
0	279	0
0	237	0
0	142	0
0	162	0
0	217	0
0	247	0
0	317	0
0	0	1
0	212	0
0	0	1
0	8	1
0	21	1
0	237	0
0	299	0
0	3831	0
0	280	0
0	0	1
0	0	1
0	238	0
0	191	0
0	7	0
0	317	0
0	0	1
0	209	0
0	223	0
1	0	1
0	0	1
0	18	1
0	261	0
0	233	0
0	224	0
0	1	1
0	290	0
0	0	0
0	0	1
0	243	0
0	44	0
0	164	0
0	1296	0
0	687	0
0	201	0
0	0	1
0	204	0
0	53	0
0	287	0
0	42	0
0	209	0
0	44	0
0	1	1
0	300	0
0	218	0
0	53	0
0	334	0
0	0	0
0	45	0
0	0	1
0	0	1
0	1004	0
0	292	0
0	291	0
0	0	1
0	221	0
0	210	0
0	347	0
0	230	0
0	1	0
0	336	0
0	0	1
0	342	0
0	293	0
0	222	0
0	0	1
0	1480	0
0	0	1
26	281	0
0	236	0
0	296	0
0	296	0
0	217	0
0	271	0
0	216	0
0	282	0
0	211	0
0	284	0
0	0	1
0	259	0
0	1	0
0	196	0
0	46	0
0	314	0
0	301	0
0	217	0
0	53	0
0	192	0
0	0	1
0	0	1
0	1	1
0	232	0
0	1	1
0	208	0
0	53	0
0	218	0
0	604	0
0	267	0
0	251	0
0	0	1
0	53	0
0	0	1
0	271	0
2	0	1
0	0	1
0	221	0
0	40008	0
0	340	0
0	301	0
0	70	0
0	297	0
0	313	0
0	0	1
0	265	0
0	45	0
0	190	0
0	20	1
0	315	0
0	1	1
0	242	0
0	356	0
0	320	0
0	0	0
0	0	1
0	214	0
0	29	0
0	213	0
0	289	0
0	216	0
0	5	1
0	43	0
0	295	0
0	0	1
0	200	0
0	44	0
0	18	1
0	198	0
0	0	1
0	0	1
4	1684	0
0	970	0
0	55	0
0	641	0
0	238	0
0	0	1
0	225	0
0	216	0
0	238	0
1	0	1
0	292	0
0	239	0
0	0	1
0	214	0
0	105	0
0	225	0
0	1	1
0	284	0
0	195	0
0	0	1
0	0	1
1	0	1
0	232	0
0	20	1
0	321	0
0	0	1
0	223	0
0	0	1
0	0	1
0	226	0
0	262	0
0	0	1
0	201	0
0	301	0
0	1	1
0	44	0
0	221	0
0	53	0
5	0	1
0	284	0
0	314	0
0	315	0
0	213	0
0	180	0
0	282	0
0	219	0
0	298	0
0	44	0
0	0	0
0	0	1
0	210	0
0	220	0
0	29	0
0	227	0
0	321	0
0	44	0
0	0	1
0	932	0
0	209	0
0	0	1
0	304	0
0	1862	0
117	287	0
0	0	1
0	0	0
0	265	0
0	0	1
0	48	0
0	253	0
0	1	1
0	2680	0
0	43	0
0	343	0
0	296	0
0	508	0
0	226	0
0	238	0
0	44	0
0	53	0
0	0	1
0	333	0
0	299	0
0	302	0
0	163	0
0	307	0
0	55	0
31	227	0
0	283	0
0	2318	0
0	301	0
0	305	0
0	0	1
0	212	0
0	221	0
0	355	0
0	44	0
1	970	0
0	0	0
0	206	0
0	204	0
1	0	1
0	294	0
0	320	0
0	219	0
0	225	0
0	288	0
0	9	1
0	225	0
0	0	1
0	213	0
31	97	0
0	218	0
0	302	0
8	24	1
0	8	1
0	231	0
0	0	1
0	1	1
0	0	1
0	422	0
0	328	0
0	222	0
0	0	1
0	47	0
0	318	0
0	193	0
0	0	1
0	346	0
0	43	0
0	264	0
0	18	1
0	533	0
0	0	1
0	0	1
0	245	0
0	42	0
0	294	0
0	1	1
0	0	1
0	0	1
0	0	0
0	306	0
0	290	0
0	238	0
0	0	1
0	220	0
0	309	0
0	0	1
0	296	0
5	1052	0
0	197	0
0	66	0
0	44	0
0	228	0
0	237	0
1	0	1
0	18	1
0	1339	0
0	262	0
0	209	0
0	43	0
0	0	1
9	24	1
0	192	0
0	53	0
0	312	0
0	209	0
0	44	0
0	0	1
0	44	0
0	219	0
0	227	0
0	230	0
0	198	0
0	286	0
0	221	0
0	0	1
0	1081	0
0	222	0
0	196	0
0	2574	0
0	194	0
5431	846	0
3	0	1
0	0	1
0	44	0
0	223	0
0	197	0
0	252	0
0	241	0
0	47	0
0	300	0
0	46	0
0	280	0
0	13	0
0	309	0
0	0	1
3	24	1
0	325	0
0	3601	0
0	164	0
0	0	1
0	324	0
0	326	0
23	285	0
0	7658	0
0	53	0
0	0	1
0	45	0
0	254	0
0	332	0
126	644	0
0	225	0
0	308	0
0	291	0
0	266	0
0	55	0
0	0	1
0	92566	0
0	225	0
0	154	0
0	314	0
0	0	1
0	0	1
3	0	0
0	1435	0
0	189	0
0	322	0
0	321	0
0	0	0
0	289	0
0	222	0
0	54	0
0	303	0
0	223	0
0	336	0
0	0	1
0	303	0
0	0	1
0	0	1
0	0	1
0	295	0
0	301	0
0	281	0
0	209	0
0	201	0
0	250	0
0	287	0
0	0	1
0	288	0
0	229	0
0	200	0
0	306	0
0	232	0
0	303	0
0	206	0
0	42	0
0	302	0
0	249	0
0	387	0
0	45	0
0	211	0
0	226	0
0	53	0
0	56	0
0	194	0
0	299	0
0	245	0
0	212	0
0	283	0
0	234	0
0	0	1
0	244	0
0	0	1
0	0	1
0	1	0
0	36	0
0	263	0
0	295	0
0	316	0
0	283	0
0	8	1
0	303	0
0	0	1
0	316	0
0	59	0
0	79	0
0	0	0
0	216	0
0	283	0
0	279	0
0	687	0
0	164	0
0	0	0
0	248	0
0	239	0
0	214	0
0	222	0
0	2470	0
0	7	0
2	24	1
0	246	0
0	28	0
0	264	0
0	0	1
0	9	0
0	280	0
0	232	0
0	307	0
0	0	1
26	364	0
0	292	0
0	738	0
0	320	0
0	171	0
0	353	0
0	206	0
0	18	1
0	276	0
10	11601	0
0	241	0
0	228	0
0	44	0
0	231	0
0	227	0
0	175	0
0	226	0
0	319	0
0	254	0
0	287	0
0	294	0
0	0	1
0	224	0
0	304	0
0	46	0
0	323	0
0	393	0
0	304	0
0	11728	0
0	0	1
0	319	0
0	183	0
0	331	0
0	333	0
0	180	0
28	942	0
0	293	0
0	296	0
0	0	1
0	248	0
0	280	0
0	44	0
0	222	0
0	153	0
0	312	0
0	229	0
0	261	0
0	105	0
0	209	0
0	53	0
0	5707	0
0	0	1
0	282	0
0	200	0
0	242	0
0	44	0
0	45	0
10499	27472	0
0	52	0
0	216	0
0	207	0
0	8	1
0	329	0
0	1	1
0	28	0
0	12241	0
0	31	0
0	227	0
0	242	0
0	0	1
0	235	0
0	0	0
0	219	0
0	226	0
0	53	0
0	774	0
0	293	0
0	217	0
0	53	0
0	233	0
0	105	0
0	215	0
0	319	0
0	1480	0
0	54	0
0	197	0
0	1	1
0	223	0
0	0	1
0	0	1
0	205	0
0	28	0
0	294	0
0	105	0
0	39259	0
0	54	0
0	228	0
0	238	0
0	188	0
0	43	0
0	105	0
0	310	0
0	45	0
0	243	0
0	247	0
0	197	0
0	241	0
0	105	0
0	200	0
0	44	0
0	312	0
0	77	0
0	1050	0
0	0	1
0	1396	0
0	0	1
0	0	1
0	232	0
0	11	0
0	301	0
0	333	0
0	368	0
0	54	0
1	4321	0
0	196	0
0	1854	0
0	312	0
0	0	1
2	1677	0
0	256	0
0	45	0
0	0	1
0	1	1
0	312	0
0	0	1
0	0	1
0	364	0
0	0	1
0	303	0
0	278	0
0	286	0
0	0	1
0	0	1
0	255	0
0	36	0
0	0	1
0	5336	0
0	252	0
0	227	0
0	20	1
0	311	0
0	206	0
0	307	0
0	0	1
0	44	0
0	229	0
0	215	0
0	0	0
0	316	0
0	17	0
0	309	0
0	44	0
0	323	0
0	308	0
0	248	0
0	236	0
0	1	1
0	302	0
0	286	0
0	322	0
0	0	1
0	42	0
0	4753	0
0	276	0
0	199	0
0	336	0
0	209	0
0	216	0
0	334	0
0	42	0
0	202	0
0	45	0
0	236	0
0	232	0
0	214	0
0	69	0
0	181	0
0	1	1
0	246	0
0	52	0
0	44	0
0	221	0
0	45	0
0	300	0
2	18158	0
0	788	0
0	324	0
0	307	0
0	1151	0
0	308	0
0	981	0
20	232	0
0	105	0
0	286	0
0	218	0
0	183	0
0	293	0
0	262	0
0	184	0
0	296	0
0	105	0
1	48181	0
0	215	0
0	201	0
0	312	0
0	1	1
0	44	0
0	229	0
0	319	0
0	0	0
0	314	0
0	44	0
0	213	0
0	53	0
0	8	0
0	283	0
0	289	0
0	199	0
96	292	0
0	264	0
0	170	0
0	316	0
0	18	1
0	46	0
0	260	0
0	20	1
0	243	0
5	0	1
2	1871	0
0	105	0
0	0	0
0	344	0
0	278	0
0	1096	0
0	294	0
0	44	0
0	279	0
0	307	0
0	310	0
0	223	0
0	0	1
0	251	0
0	154	0
3	24	1
0	178	0
0	44	0
0	310	0
0	335	0
0	1	1
0	312	0
0	319	0
0	272	0
0	54	0
0	226	0
0	54	0
0	286	0
0	868	0
0	20	1
0	0	1
0	0	1
0	46	0
0	305	0
0	261	0
1	1661	0
0	0	1
0	52	0
0	44	0
2	4816	0
0	105	0
0	297	0
0	301	0
0	287	0
0	237	0
0	8	0
0	319	0
0	332	0
0	0	1
0	287	0
0	54	0
0	143	0
0	286	0
0	2134	0
0	262	0
0	222	0
0	194	0
0	299	0
0	324	0
0	211	0
0	287	0
0	293	0
0	34	0
0	232	0
0	256	0
0	337	0
0	312	0
0	292	0
0	36	0
0	2056	0
0	307	0
0	219	0
0	164	0
0	230	0
0	320	0
0	235	0
0	303	0
0	298	0
0	188	0
0	347	0
0	221	0
0	332	0
0	334	0
0	322	0
0	45	0
1	1659	0
0	1	1
0	0	1
0	219	0
0	327	0
0	195	0
0	273	0
0	1	1
0	243	0
0	55	0
0	251	0
0	352	0
0	175	0
0	105	0
0	220	0
0	18	1
0	192	0
0	194	0
0	316	0
0	288	0
1	1206	0
0	236	0
0	45	0
0	364	0
0	0	1
0	229	0
0	210	0
0	244	0
0	226	0
3702	44	0
0	428	0
1	0	1
0	45	0
0	235	0
0	317	0
0	0	1
0	228	0
0	197	0
0	248	0
0	300	0
0	1480	0
0	348	0
0	333	0
0	322	0
0	44	0
0	293	0
3	255	0
0	0	1
0	233	0
0	245	0
0	2653	0
0	296	0
0	191	0
0	280	0
0	868	0
2	24	1
0	0	1
0	317	0
0	289	0
0	290	0
0	0	1
0	204	0
0	15	1
0	324	0
0	54	0
0	0	1
0	220	0
0	0	1
0	0	1
0	233	0
0	234	0
0	1	1
0	271	0
0	207	0
0	0	1
0	224	0
0	206	0
0	233	0
0	307	0
0	222	0
0	8	1
0	10	0
0	286040	0
0	334	0
0	308	0
0	303	0
0	0	1
0	56	0
0	1	1
0	46	0
0	0	1
0	219	0
0	20	1
35	145	0
0	340	0
0	0	1
0	193	0
0	0	0
0	0	1
0	242	0
0	226	0
0	263	0
1	1651	0
0	105	0
3	24	1
0	50	0
0	318	0
0	208	0
0	325	0
1	870	0
0	221	0
0	10	0
0	43	0
0	182	0
0	192	0
0	210	0
0	7233	0
0	0	1
0	672	0
0	259	0
0	105	0
0	292	0
0	237	0
0	0	1
0	1	0
0	147	0
0	43	0
0	296	0
0	53	0
0	331	0
0	0	1
0	296	0
0	206	0
0	206	0
0	45	0
0	105	0
0	163	0
0	0	1
0	44	0
0	259	0
0	2908	0
0	0	1
0	233	0
0	228	0
0	211	0
0	0	1
6	251	0
0	309	0
0	54	0
0	355	0
0	321	0
0	105	0
0	0	1
15	110	0
0	303	0
0	30	0
0	0	1
0	335	0
0	200	0
39	270	0
0	256	0
141	295	0
0	179	0
0	303	0
1	1411	0
0	196	0
0	18	1
0	46	0
0	105	0
1	2686	0
0	313	0
0	211	0
0	217	0
0	315	0
0	177	0
9	280	0
0	641	0
0	1	0
0	205	0
0	105	0
0	228	0
0	864	0
0	329	0
0	233	0
0	10389	0
0	55	0
0	297	0
0	318	0
0	20	1
0	249	0
0	347	0
0	320	0
0	290	0
0	0	0
0	223	0
71	184	0
0	292	0
0	204	0
0	216	0
0	281	0
0	0	0
0	326	0
0	44	0
0	326	0
0	45	0
0	242	0
0	294	0
0	1074	0
0	221	0
0	0	1
1	0	1
0	0	1
0	223	0
0	252	0
0	269	0
0	0	1
0	211	0
0	273	0
0	201	0
0	0	1
0	217	0
0	278	0
6	0	1
0	740	0
0	0	1
0	7940	0
0	18	1
0	43	0
0	42	0
0	0	1
0	226	0
0	45	0
0	192	0
0	46	0
0	309	0
0	0	1
0	325	0
0	46	0
0	303	0
1	1479	0
0	0	1
0	304	0
0	311	0
0	185	0
0	344	0
0	212	0
0	260	0
0	276	0
2	667	0
0	253	0
0	273	0
0	0	1
0	225	0
0	213	0
0	298	0
0	153	0
0	385	0
0	151	0
0	53	0
0	615	0
0	324	0
0	239	0
0	217	0
0	303	0
0	279	0
0	216	0
1	1309	0
0	351	0
0	36	0
0	295	0
0	0	1
0	2183	0
0	0	1
0	45	0
0	0	1
0	0	1
0	218	0
0	219	0
0	223	0
0	274	0
0	0	0
0	298	0
0	330	0
0	46	0
0	291	0
0	181	0
0	193	0
0	227	0
0	228	0
0	0	1
0	250	0
8	24	1
0	30	0
0	237	0
0	235	0
4	1961	0
0	0	1
99	4455	0
2	24	1
0	0	1
0	214	0
0	1	0
0	0	1
0	1376	0
0	46	0
0	257	0
0	45	0
2	723	0
0	0	1
0	274	0
0	304	0
0	297	0
0	320	0
0	47	0
0	316	0
0	1	0
0	215	0
0	320	0
0	217	0
0	0	1
0	18	1
0	285	0
0	0	1
0	307	0
0	293	0
0	290	0
0	55	0
0	345	0
0	45	0
0	205	0
0	247	0
0	224	0
28	859	0
0	0	1
0	229	0
0	270	0
0	294	0
0	105	0
0	232	0
0	0	1
0	223	0
0	225	0
0	338	0
0	207	0
0	236	0
0	216	0
0	318	0
0	8	1
0	260	0
0	52	0
0	1	0
0	0	1
0	0	1
0	308	0
0	284	0
0	54	0
0	296	0
0	328	0
0	3676	0
0	45	0
0	383	0
0	283	0
0	512	0
0	893	0
0	1	1
0	687	0
0	206	0
657	648	0
0	207	0
1	55	0
0	316	0
0	18	1
0	303	0
0	30	0
0	0	1
0	319	0
0	213	0
0	291	0
0	6	0
0	332	0
0	290	0
0	405	0
0	1	1
7	0	1
0	45	0
0	0	1
0	313	0
0	349	0
0	224	0
0	224	0
0	329	0
0	346	0
0	349	0
0	305	0
0	0	1
0	312	0
2	24	1
0	275	0
0	296	0
0	193	0
0	46	0
0	0	1
0	209	0
0	235	0
0	42	0
0	0	1
0	298	0
0	211	0
0	216	0
0	208	0
0	152	0
0	204	0
0	0	1
0	20	1
0	0	0
0	47	0
0	1294	0
0	308	0
0	292	0
0	218	0
0	320	0
0	204	0
0	0	1
133	338	0
0	297	0
0	191	0
0	46	0
44	1031	0
0	232	0
0	335	0
0	313	0
0	225	0
1	0	1
138	339	0
0	326	0
0	204	0
0	216	0
0	55	0
0	213	0
0	568	0
0	1	0
0	346	0
0	248	0
0	81	0
6	4034	0
0	325	0
0	241	0
0	245	0
0	335	0
2	192	0
0	325	0
0	199	0
0	1	0
0	275	0
0	313	0
0	1	0
0	298	0
0	248	0
0	0	1
0	211	0
0	1315	0
0	296	0
0	0	1
0	226	0
0	242	0
0	0	1
0	1	1
0	201	0
0	55	0
0	227	0
0	204	0
0	286	0
1578	146	0
0	641	0
0	204	0
0	46	0
0	348	0
0	44	0
0	297	0
1	29194	0
0	139	0
0	333	0
0	305	0
0	282	0
0	222	0
0	0	1
0	0	1
0	248	0
0	1480	0
0	43	0
0	2784	0
0	300	0
0	332	0
0	0	1
0	305	0
0	230	0
0	45	0
0	29	0
0	170	0
0	303	0
0	215	0
0	331	0
0	0	1
0	1302	0
0	22	0
0	20	1
0	1690	0
1	0	1
0	220	0
0	18	1
0	246	0
0	1	0
0	327	0
0	235	0
0	52	0
0	313	0
0	224	0
0	0	1
0	203	0
0	230	0
0	52	0
0	0	1
0	441	0
0	254	0
0	55	0
0	320	0
0	231	0
0	231	0
0	198	0
2	24	1
0	231	0
0	194	0
0	181	0
0	228	0
0	220	0
0	20	1
0	1176	0
0	309	0
0	346	0
0	48	0
0	238	0
0	269	0
0	203	0
0	293	0
0	105	0
0	615	0
0	415	0
0	222	0
0	222	0
0	206	0
0	289	0
0	0	1
0	326	0
0	233	0
0	0	1
0	289	0
0	229	0
0	305	0
0	0	1
0	332	0
0	195	0
0	0	0
0	218	0
0	247	0
0	306	0
0	0	1
0	289	0
0	195	0
0	0	1
0	0	1
0	241	0
0	302	0
0	46	0
0	252	0
0	44	0
0	316	0
0	717	0
0	254	0
0	53	0
0	349	0
0	258	0
0	344	0
0	30	0
0	258	0
0	199	0
0	305	0
0	322	0
0	225	0
0	45	0
0	184	0
0	287	0
0	1458	0
0	293	0
0	344	0
0	0	1
0	44	0
0	238	0
0	1	1
0	232	0
0	217	0
0	222	0
0	235	0
0	0	1
0	400	0
0	0	1
0	0	1
0	295	0
0	221	0
0	320	0
0	228	0
0	1690	0
0	0	1
0	307	0
0	105	0
0	261	0
2	0	1
0	199	0
0	196	0
0	250	0
0	18	1
0	54	0
0	0	1
0	199	0
0	190	0
0	227	0
0	0	1
0	208	0
0	293	0
0	1	1
0	251	0
140	177	0
0	53	0
0	192	0
0	339	0
0	326	0
0	4693	0
0	310	0
0	320	0
0	261	0
0	292	0
0	323	0
0	54	0
0	226	0
0	212	0
0	0	1
0	0	1
0	245	0
0	28	0
0	220	0
0	302	0
0	1	1
0	1	1
0	44	0
0	156	0
0	10	0
0	310	0
0	222	0
0	312	0
2	0	1
0	42	0
0	294	0
0	259	0
0	54	0
0	213	0
0	282	0
0	868	0
0	322	0
0	298	0
0	259	0
0	247	0
0	192	0
0	0	1
0	319	0
0	230	0
0	46	0
0	307	0
0	42	0
0	316	0
0	46	0
0	221	0
0	0	1
0	295	0
0	213	0
0	225	0
0	46	0
0	207	0
0	259	0
0	315	0
0	105	0
0	252	0
0	802	0
0	0	1
0	105	0
0	166	0
0	0	1
6	1668	0
0	298	0
20	223	0
0	8	1
0	1	1
0	317	0
0	52	0
0	0	1
0	2829	0
0	1455	0
0	218	0
0	44	0
0	294	0
0	276	0
0	45	0
0	372	0
0	278	0
0	335	0
0	237	0
0	34	0
0	226	0
0	174	0
0	204	0
0	1	0
0	207	0
0	234	0
0	323	0
900	0	0
0	124	0
2	0	1
0	42	0
0	318	0
0	227	0
0	44	0
0	0	1
0	0	0
0	1699	0
4	0	1
0	0	1
0	53	0
0	1	0
0	224	0
0	105	0
0	220	0
0	235	0
0	0	1
0	243	0
0	221	0
0	192	0
0	189	0
28	211	0
0	257	0
0	305	0
0	330	0
0	53	0
0	0	1
0	207	0
0	317	0
0	223	0
0	207	0
0	1036	0
0	249	0
0	297	0
0	53	0
0	44	0
0	0	1
0	0	1
0	227	0
0	299	0
0	48	0
0	46	0
0	285	0
0	285	0
0	53	0
0	280	0
0	201	0
0	0	1
0	238	0
0	204	0
0	258	0
0	218	0
0	43	0
0	55	0
1	0	1
0	1	1
0	641	0
0	238	0
0	316	0
0	6	0
0	1	1
0	337	0
0	200	0
0	262	0
0	1	0
0	0	1
0	0	1
0	203	0
0	321	0
0	312	0
0	36	0
0	260	0
0	303	0
0	299	0
0	30	0
118	206	0
0	235	0
0	303	0
0	245	0
2	74	1
0	359	0
0	335	0
3	0	1
0	1	1
0	192	0
0	246	0
0	93238	0
23	286	0
0	1	1
0	275	0
0	46	0
0	1	1
0	370	0
0	292	0
0	320	0
0	241	0
0	333	0
0	368	0
0	329	0
0	636	0
0	0	1
0	307	0
0	198	0
0	679	0
0	44	0
0	370	0
0	283	0
0	1043	0
0	336	0
0	236	0
0	1	0
0	334	0
0	228	0
0	220	0
0	320	0
0	230	0
0	105	0
0	353	0
0	245	0
0	42	0
1	13	0
0	0	1
0	105	0
0	0	1
0	223	0
0	656	0
0	0	1
0	157	0
0	266	0
0	287	0
0	330	0
0	105	0
0	54	0
0	351	0
0	233	0
0	0	1
0	305	0
0	1	1
0	325	0
0	239	0
0	0	1
0	45	0
0	0	1
0	105	0
0	208	0
0	252	0
0	43	0
0	319	0
0	223	0
22	241	0
0	105	0
0	0	1
0	54	0
0	232	0
0	211	0
0	195	0
0	213	0
0	29	0
0	211	0
0	295	0
0	215	0
0	234	0
0	43	0
0	18	1
0	55	0
0	46	0
0	162	0
0	178	0
0	9	0
0	220	0
0	45	0
0	10008	0
0	42	0
0	317	0
0	930	0
0	1433	0
0	256	0
0	234	0
0	204	0
0	195	0
75	112	0
0	45	0
0	0	1
0	177	0
0	1342	0
0	0	1
0	0	1
0	46	0
0	0	1
0	1052	0
0	326	0
1	14537	0
0	342	0
4	0	1
0	323	0
0	223	0
0	46	0
0	1	1
0	1	1
0	196	0
0	1	1
0	405	0
0	12	0
0	216	0
0	352	0
0	270	0
0	3022	0
0	0	1
0	0	1
0	176	0
0	307	0
0	310	0
0	309	0
0	313	0
0	331	0
0	203	0
0	210	0
0	304	0
0	208	0
0	350	0
0	18	1
0	45	0
0	154	0
0	326	0
0	55	0
0	280	0
0	250	0
0	219	0
0	211	0
0	206	0
0	868	0
0	46	0
0	291	0
0	248	0
0	237	0
0	0	1
0	300	0
0	3219	0
0	45	0
0	313	0
0	234	0
0	301	0
0	20	1
0	53	0
0	0	1
0	227	0
0	334	0
0	889	0
0	391	0
0	295	0
1	0	1
6	0	1
0	0	1
1	0	1
0	53	0
0	54	0
0	144	0
0	20	1
0	0	1
0	223	0
0	44	0
0	236	0
0	0	1
1	1378	0
0	43	0
0	44	0
0	233	0
0	300	0
0	223	0
1	0	0
0	288	0
0	316	0
0	217	0
0	256	0
0	44	0
0	36	0
1	1975	0
0	105	0
0	0	1
0	297	0
0	270	0
0	44	0
0	7658	0
0	1	0
0	306	0
0	241	0
0	315	0
0	7077	0
0	1	0
0	336	0
0	211	0
0	203	0
0	235	0
0	260	0
0	179	0
0	313	0
0	46	0
0	293	0
0	53	0
107	354	0
0	947	0
0	0	1
0	985	0
0	54	0
0	0	0
0	259	0
8579	1434	0
0	0	1
0	347	0
0	145	0
0	207	0
0	242	0
0	1046	0
0	740	0
0	231	0
0	228	0
0	40008	0
0	230	0
0	361	0
0	226	0
0	304	0
0	0	1
18	177	0
0	0	1
0	243	0
0	1	1
0	224	0
0	0	0
0	249	0
0	0	1
0	214	0
0	36	0
1	0	1
0	18	1
0	0	1
0	305	0
0	222	0
0	44	0
0	319	0
0	158	0
0	52	0
0	246	0
0	10	0
0	320	0
0	246	0
0	0	1
0	44	0
0	241	0
0	240	0
0	278	0
0	308	0
0	44	0
4	24	1
0	321	0
0	229	0
0	300	0
0	36	0
0	0	1
0	0	1
0	145	0
0	282	0
0	105	0
0	318	0
0	161	0
0	0	1
0	226	0
0	294	0
0	44	0
0	218	0
0	0	1
0	313	0
0	225	0
0	181	0
0	42	0
2	0	1
0	237	0
0	263	0
2	24	1
0	291	0
0	253	0
0	305	0
0	305	0
148	256	0
0	42	0
0	156	0
0	360	0
0	172	0
0	214	0
0	222	0
0	0	1
0	0	1
0	44	0
0	323	0
0	641	0
0	44	0
0	213	0
0	1766	0
0	308	0
0	259	0
0	105	0
0	1	1
0	0	1
0	233	0
0	326	0
0	45	0
0	305	0
0	322	0
0	355	0
0	230	0
0	232	0
0	279	0
0	208	0
0	220	0
0	1	0
0	313	0
0	308	0
0	0	1
0	347	0
0	279	0
0	0	1
0	286	0
0	316	0
0	282	0
0	42	0
0	42	0
0	0	1
0	321	0
0	243	0
0	0	1
0	211	0
0	313	0
0	216	0
0	105	0
0	215	0
0	250	0
3054	777	0
0	277	0
0	0	1
0	254	0
0	383	0
0	0	1
0	53	0
0	319	0
0	216	0
0	0	1
0	335	0
0	285	0
0	0	1
0	315	0
0	187	0
0	221	0
0	331	0
0	18	1
0	254	0
0	222	0
0	105	0
0	0	0
0	0	1
0	323	0
0	160	0
0	0	0
0	213	0
0	292	0
0	0	1
1	11939	0
0	255	0
0	294	0
0	304	0
0	1	1
2	24	1
8	0	1
0	46	0
0	45	0
0	0	1
0	211	0
2	1069	0
0	147	0
0	0	1
0	303	0
0	298	0
0	18	1
0	0	0
0	1	1
0	328	0
0	206	0
0	326	0
0	0	1
0	309	0
0	3720	0
0	303	0
0	45	0
0	263	0
0	1067	0
0	223	0
0	0	1
0	291	0
0	0	1
0	1	0
0	350	0
0	157	0
0	205	0
0	236	0
0	220	0
0	0	1
0	277	0
0	1	1
0	296	0
0	296	0
0	330	0
0	836	0
0	297	0
0	0	1
0	53	0
0	316	0
21	241	0
0	307	0
0	203	0
0	320	0
0	0	1
0	287	0
0	323	0
0	44	0
0	323	0
0	201	0
0	0	1
0	326	0
0	347	0
0	102	0
0	0	1
0	44	0
1	0	1
0	203	0
0	323	0
0	0	1
1	0	1
0	283	0
0	54	0
0	166	0
1	2209	0
0	277	0
0	0	1
0	346	0
0	307	0
0	44	0
1	2416	0
0	44	0
0	286	0
0	213	0
5	969	0
0	54	0
0	42	0
0	0	0
0	199	0
0	0	1
0	244	0
0	298	0
0	319	0
0	0	1
0	299	0
0	260	0
1	0	1
0	224	0
0	245	0
0	105	0
0	171	0
0	209	0
0	217	0
0	322	0
0	44	1
0	368	0
0	305	0
0	282	0
0	5820	0
0	211	0
0	332	0
0	53	0
0	199	0
0	220	0
0	20	1
0	337	0
0	287	0
0	225	0
0	44	0
0	332	0
0	264	0
0	227	0
0	281	0
0	357	0
0	1072	0
0	46	0
0	1	1
0	105	0
0	290	0
0	326	0
0	152	0
0	313	0
0	281	0
0	0	1
0	0	1
0	0	1
0	211	0
0	0	1
0	0	1
0	1481	0
57	241	0
0	243	0
0	217	0
0	44	0
0	324	0
0	53	0
0	1	1
0	0	1
0	238	0
0	205	0
27	382	0
2	2376	0
0	303	0
0	0	1
3	0	1
0	295	0
0	316	0
0	53	0
0	0	1
0	304	0
0	45	0
0	0	1
0	245	0
0	26	1
0	192	0
0	208	0
0	197	0
0	308	0
0	300	0
0	0	1
1	2266	0
0	0	1
0	215	0
0	229	0
1	35	0
1	1691	0
0	205	0
0	244	0
0	260	0
0	199	0
0	234	0
0	43	0
0	336	0
0	42	0
0	0	1
0	293	0
0	251	0
0	14	0
0	373	0
0	231	0
0	35	0
0	254	0
0	197	0
0	338	0
0	222	0
0	205	0
0	347	0
0	8	1
0	307	0
0	355	0
0	373	0
0	209	0
0	740	0
0	276	0
0	148	0
0	42	0
0	158	0
0	48	0
0	315	0
0	291	0
0	344	0
0	230	0
0	0	1
0	211	0
0	54	0
0	8574	0
41	11543	0
0	216	0
0	46	0
0	159	0
0	46	0
0	44	0
0	212	0
0	16	0
0	309	0
0	0	1
0	297	0
0	0	1
0	105	0
0	105	0
0	0	1
0	261	0
0	0	0
0	200	0
0	0	0
0	309	0
0	297	0
0	1078	0
0	261	0
3	0	0
0	309	0
0	279	0
0	43	0
0	0	1
0	0	1
0	192	0
0	1129	0
0	13239	0
0	0	1
0	223	0
0	316	0
0	234	0
0	310	0
0	296	0
0	154	0
0	290	0
0	289	0
0	52	0
0	43	0
0	200	0
0	253	0
0	0	1
0	319	0
0	170	0
0	296	0
0	202	0
0	284	0
0	1	0
0	0	1
0	230	0
0	20	1
0	0	1
0	0	1
0	55	0
0	307	0
0	1	1
0	207	0
0	226	0
0	285	0
0	281	0
0	105	0
0	216	0
0	159	0
0	211	0
0	0	1
0	210	0
0	309	0
0	353	0
0	0	1
1	1387	0
0	0	1
0	44	0
0	0	1
0	304	0
0	286	0
0	0	1
0	20	1
0	0	1
0	0	1
0	0	1
0	241	0
0	348	0
0	0	1
0	0	1
0	228	0
0	0	1
0	105	0
0	314	0
0	221	0
0	0	1
0	323	0
0	211	0
0	46	0
0	0	1
0	18	1
0	738	0
0	175	0
0	0	1
0	303	0
0	197	0
0	222	0
0	169	0
0	293	0
0	219	0
0	230	0
0	240	0
0	18	0
0	312	0
0	217	0
0	1	0
0	319	0
0	0	1
0	381	0
0	296	0
0	0	1
0	253	0
1	5229	0
0	249	0
0	190	0
0	208	0
0	285	0
0	0	1
0	208	0
0	242	0
0	319	0
0	322	0
0	292	0
0	307	0
0	1	1
0	42	0
0	0	1
3	3216	0
0	224	0
0	204	0
0	0	1
0	18	1
1	4764	0
1	1333	0
0	55	0
0	0	1
0	231	0
0	206	0
0	297	0
0	290	0
0	219	0
0	36	0
0	44	1
0	317	0
0	19	0
0	221	0
0	206	0
0	0	1
0	319	0
0	198	0
0	10220	0
0	314	0
0	209	0
0	176	0
0	1	1
0	272	0
0	299	0
0	248	0
0	44	0
0	0	1
0	0	1
0	0	1
0	1196	0
0	317	0
0	222	0
0	1190	0
0	281	0
0	2191	0
0	0	1
1	0	1
0	210	0
0	277	0
0	237	0
0	229	0
1	1965	0
0	303	0
0	0	1
0	305	0
0	0	1
0	46	0
0	54	0
0	294	0
0	372	0
0	312	0
0	218	0
0	44	0
0	220	0
0	334	0
0	218	0
0	325	0
0	303	0
3	0	0
0	331	0
0	296	0
0	313	0
0	20	1
0	200	0
0	0	0
0	294	0
0	235	0
3	0	1
0	0	1
0	4763	0
0	0	1
0	0	1
0	0	1
0	339	0
0	327	0
0	201	0
0	44	0
0	227	0
0	288	0
0	313	0
0	232	0
0	319	0
0	44	1
0	0	1
0	148	0
0	46	0
0	314	0
0	53	0
0	229	0
0	323	0
0	333	0
0	0	1
0	244	0
0	238	0
0	212	0
0	352	0
0	224	0
0	259	0
5	0	1
0	46	0
0	884	0
0	218	0
0	262	0
0	322	0
12	115	0
0	303	0
40	126	0
0	158	0
0	321	0
0	54	0
0	848	0
0	0	1
0	1	0
0	0	1
0	0	1
0	314	0
0	1	1
0	294	0
0	230	0
0	308	0
0	2409	0
0	30	0
0	216	0
0	295	0
0	211	0
0	295	0
0	20	1
0	144	0
0	0	1
0	205	0
0	347	0
0	201	0
0	230	0
0	230	0
0	250	0
0	305	0
0	294	0
0	322	0
0	0	1
0	0	1
0	263	0
0	227	0
0	300	0
0	771	0
0	282	0
0	185	0
0	284	0
0	44	1
0	315	0
0	158	0
0	309	0
0	274	0
1	24	1
0	181	0
7	9626	0
0	0	1
0	266	0
0	340	0
0	0	1
0	282	0
0	54	0
0	0	1
0	1480	0
0	286	0
0	0	0
0	53	0
0	319	0
0	0	1
0	278	0
0	275	0
0	0	1
0	230	0
0	2430	0
0	299	0
2	24	1
0	54	0
16500	1256	0
0	44	0
3	867	0
0	268	0
0	209	0
0	301	0
0	42	0
0	0	1
0	240	0
0	0	1
0	341	0
0	388	0
0	280	0
0	345	0
0	381	0
0	149	0
0	229	0
1	865	0
0	226	0
0	0	1
0	0	1
0	298	0
0	0	1
0	219	0
0	0	1
0	1	0
0	105	0
0	10	0
0	50	0
0	221	0
0	312	0
0	43	0
0	313	0
0	323	0
0	45	0
0	243	0
0	0	1
0	203	0
0	352	0
0	292	0
0	43	0
0	18	1
0	206	0
0	264	0
0	1	1
0	242	0
0	347	0
0	207	0
0	0	1
0	158	0
0	274	0
0	0	1
0	0	1
0	0	0
0	203	0
0	299	0
0	211	0
0	241	0
0	1	0
0	1	1
2	0	1
23	285	0
0	204	0
0	200	0
0	0	1
0	282	0
0	18	1
4	236	0
0	284	0
0	44	0
0	0	1
0	314	0
0	315	0
0	0	1
0	235	0
0	314	0
0	295	0
0	305	0
0	46	0
0	213	0
0	239	0
0	44	0
1	15216	0
0	281	0
0	205	0
0	227	0
0	44	0
0	0	1
0	45	0
0	232	0
0	327	0
0	225	0
0	278	0
0	0	1
0	259	0
0	307	0
0	42	0
0	352	0
0	6932	0
0	302	0
0	163	0
0	0	1
0	1	0
0	105	0
0	207	0
0	236	0
0	205	0
0	52	0
0	278	0
0	236	0
0	223	0
0	0	1
0	236	0
0	0	1
0	877	0
0	216	0
0	311	0
0	45	0
2	24	1
0	201	0
0	828	0
0	332	0
0	0	1
205	91	0
0	0	1
0	0	1
0	53	0
0	314	0
0	299	0
0	1565	0
0	285	0
0	1	1
0	327	0
0	164	0
0	321	0
0	234	0
0	219	0
0	211	0
0	314	0
0	192	0
0	0	1
0	44	0
0	219	0
7	0	1
0	53	0
0	0	1
0	206	0
0	240	0
0	0	1
0	277	0
0	1	1
0	45	0
1	1184	0
0	249	0
0	43	0
0	245	0
0	315	0
0	216	0
0	0	1
0	53	0
0	221	0
0	307	0
0	0	1
0	339	0
0	0	1
0	326	0
0	223	0
0	200	0
0	46	0
0	296	0
0	45	0
0	0	1
0	305	0
0	1814	0
0	0	1
0	296	0
0	339	0
0	1227	0
0	0	1
0	278	0
0	234	0
0	231	0
0	241	0
0	218	0
0	45	0
0	0	1
0	265	0
0	45	0
0	299	0
0	241	0
0	1	0
0	479	0
0	213	0
0	208	0
1	860	0
0	286	0
0	54	0
0	218	0
0	321	0
0	0	1
0	1	1
0	228	0
0	305	0
0	0	1
0	52	0
0	197	0
0	0	0
0	747	0
0	53	0
0	322	0
0	44	0
0	333	0
0	56	0
0	0	1
0	316	0
0	22	0
0	54	0
0	198	0
0	244	0
0	240	0
0	1	1
0	45	0
0	0	1
0	9	0
0	191	0
0	222	0
0	52	0
0	208	0
0	227	0
0	205	0
0	344	0
0	290	0
0	294	0
0	44	0
0	0	1
0	227	0
0	169	0
0	240	0
0	205	0
0	46	0
0	303	0
0	232	0
0	45	0
5	6	1
0	1	1
0	0	1
0	335	0
0	44	1
0	355	0
0	0	1
0	0	1
0	20	1
0	54	0
0	202	0
0	300	0
0	223	0
1	1044	0
0	0	1
0	244	0
0	221	0
0	209	0
0	0	1
0	45	0
0	236	0
0	44	0
0	1	1
0	208	0
0	22	0
0	18	1
1	0	1
0	258	0
0	326	0
0	297	0
0	308	0
28	1053	0
0	0	1
0	241	0
0	44	0
0	0	1
0	240	0
0	52	0
0	0	1
0	304	0
0	224	0
0	322	0
0	275	0
0	334	0
0	229	0
1	2235	0
0	198	0
0	46	0
0	0	1
0	212	0
0	229	0
0	1	1
0	328	0
0	0	1
0	216	0
0	288	0
0	0	1
0	0	1
0	54	0
0	0	1
0	203	0
0	749	0
0	308	0
0	219	0
0	1	1
0	284	0
0	144	0
0	320	0
0	217	0
0	641	0
0	229	0
0	0	1
0	165	0
0	18	1
0	283	0
0	33	0
0	1	0
0	291	0
0	43	0
0	288	0
0	325	0
0	7280	0
0	151	0
0	229	0
0	28	0
0	36	0
0	143	0
0	105	0
6	0	1
0	1	1
0	54	0
0	302	0
0	246	0
0	303	0
0	263	0
0	0	1
0	234	0
0	28	0
0	18	1
0	318	0
0	241	0
0	211	0
0	263	0
0	0	1
0	229	0
1	1525	0
0	0	1
0	242	0
0	214	0
0	209	0
0	243	0
0	199	0
0	0	0
0	59	0
0	53	0
0	229	0
0	188	0
0	0	1
0	299	0
0	338	0
0	251	0
0	0	1
0	326	0
0	287	0
0	934	0
0	0	1
0	42	0
0	212	0
0	268	0
0	255	0
0	105	0
1	2185	0
3	0	1
0	64	0
0	105	0
0	6	1
0	214	0
0	301	0
0	55	0
0	44	1
0	0	1
0	208	0
0	347	0
0	210	0
0	44	0
0	0	1
0	208	0
0	0	1
0	301	0
0	321	0
3	0	1
0	105	0
0	208	0
0	297	0
0	303	0
3	24	1
0	6	0
0	284	0
0	298	0
0	0	1
0	45	0
0	231	0
0	336	0
0	250	0
0	291	0
0	54	0
0	0	1
0	216	0
0	289	0
0	1579	0
0	8	1
0	44	0
0	296	0
0	44	0
0	220	0
0	323	0
0	299	0
0	144	0
0	0	1
0	243	0
0	0	1
0	220	0
0	300	0
0	306	0
0	46	0
0	18	1
0	0	1
0	291	0
0	146	0
0	339	0
0	328	0
2	1275	0
0	196	0
0	0	1
0	335	0
0	18	1
0	269	0
0	44	1
0	1	1
0	307	0
0	32	0
0	214	0
0	221	0
0	298	0
0	0	1
0	253	0
0	0	1
0	0	0
0	154	0
0	244	0
0	263	0
0	273	0
0	0	1
0	0	1
0	0	1
0	205	0
0	241	0
0	167	0
0	345	0
0	210	0
0	46	0
0	286	0
0	341	0
0	0	1
0	267	0
0	329	0
0	262	0
0	238	0
0	42	0
0	259	0
0	1	0
0	305	0
0	183	0
0	0	1
0	1	0
0	1	0
0	0	1
0	0	1
0	300	0
0	54	0
0	168	0
0	2015	0
0	0	1
0	217	0
0	231	0
0	18	1
0	236	0
0	312	0
0	0	1
0	917	0
0	159	0
0	44	0
0	0	1
0	207	0
0	249	0
0	0	1
0	188	0
0	245	0
0	1480	0
0	0	1
0	332	0
11	6	1
0	206	0
0	305	0
0	280	0
0	1550	0
0	282	0
0	20	1
0	0	1
0	223	0
0	309	0
0	239	0
0	338	0
0	0	1
0	307	0
0	197	0
0	1858	0
0	209	0
0	314	0
0	300	0
0	307	0
0	54	0
0	207	0
0	43	0
0	190	0
0	301	0
0	300	0
0	0	1
0	42	0
0	44	0
0	0	1
0	105	0
0	0	0
0	0	1
0	201	0
33	292	0
0	265	0
0	283	0
0	192	0
0	202	0
0	198	0
0	1	0
0	209	0
0	0	1
0	292	0
0	212	0
0	322	0
0	0	1
0	341	0
0	282	0
0	212	0
0	225	0
0	45	0
0	45	0
0	204	0
0	163	0
0	0	1
0	202	0
0	242	0
49	170	0
0	245	0
2	24	1
0	264	0
0	9	0
0	0	1
0	0	1
0	319	0
0	325	0
0	313	0
0	614	0
0	0	1
0	173	0
0	0	1
0	44	0
0	203	0
0	219	0
42689	0	0
0	42	0
0	8	1
0	687	0
0	0	1
0	232	0
0	221	0
0	160	0
0	209	0
0	227	0
0	29	0
0	105	0
1	1129	0
0	0	1
0	1	0
0	289	0
0	268	0
0	0	1
0	44	0
0	300	0
0	53	0
0	244	0
0	219	0
0	297	0
0	105	0
0	242	0
0	205	0
0	259	0
0	340	0
0	868	0
0	79	0
0	312	0
0	205	0
0	1	0
0	310	0
0	258	0
0	260	0
0	269	0
0	0	1
0	183	0
0	336	0
0	0	0
0	269	0
0	216	0
0	215	0
0	0	1
0	196	0
0	224	0
0	21	1
0	1	1
0	181	0
0	300	0
0	687	0
0	218	0
0	36	0
0	290	0
0	54	0
0	293	0
0	0	1
0	231	0
0	0	1
0	0	1
0	0	1
0	36	0
0	289	0
0	262	0
0	44	0
0	344	0
0	229	0
0	303	0
0	313	0
0	196	0
0	45	0
0	314	0
0	1	1
0	235	0
1	0	1
0	328	0
4	24	1
0	233	0
0	321	0
0	30	0
0	303	0
0	0	1
0	28	0
0	102	0
0	224	0
0	336	0
0	326	0
0	42	0
0	0	1
0	329	0
0	330	0
0	153	0
0	210	0
0	322	0
0	341	0
0	321	0
0	2726	0
0	317	0
0	0	1
0	54	0
13067	103	0
0	0	1
0	28	0
0	206	0
0	0	1
0	325	0
0	260	0
0	0	1
0	1	0
0	0	1
0	740	0
0	305	0
0	204	0
0	607	0
0	52	0
0	45	0
0	281	0
0	298	0
0	310	0
0	247	0
0	338	0
0	221	0
0	105	0
0	1	1
0	282	0
0	0	1
0	203	0
0	115	0
0	145	0
0	0	1
0	1	0
0	348	0
0	253	0
0	40	0
0	312	0
0	22	0
0	228	0
0	145	0
0	0	1
0	335	0
0	327	0
0	214	0
0	294	0
0	44	0
0	196	0
0	45	0
0	0	1
0	237	0
0	1	1
0	371	0
0	0	1
0	105	0
0	233	0
0	105	0
0	353	0
0	1	0
0	286	0
0	0	1
0	322	0
0	248	0
0	317	0
0	1	1
0	235	0
0	240	0
0	361	0
0	36	0
0	233	0
0	204	0
0	1480	0
0	0	1
0	1	0
0	0	1
0	1202	0
0	321	0
0	53	0
0	8	1
0	1	1
0	203	0
0	44	0
0	34	0
0	326	0
0	1	0
1	0	1
0	0	0
1	965	0
0	257	0
0	332	0
0	349	0
0	335	0
0	2113	0
0	740	0
0	220	0
0	215	0
0	4183	0
0	208	0
0	204	0
0	166	0
0	0	1
0	299	0
0	241	0
0	44	0
2	9	0
0	228	0
0	207	0
1	1038	0
0	312	0
0	0	1
0	42	0
0	220	0
0	0	1
0	0	1
0	324	0
0	0	1
0	211	0
0	307	0
0	55	0
0	201	0
0	313	0
0	0	1
0	242	0
0	227	0
0	30	0
0	934	0
0	20	1
0	224	0
0	309	0
0	228	0
0	1	1
0	0	0
0	45	0
0	46	0
0	326	0
0	199	0
0	197	0
0	1902	0
0	42	0
0	343	0
0	0	1
0	254	0
0	54	0
0	311	0
0	45	0
0	220	0
0	309	0
0	151	0
0	15	1
0	295	0
0	225	0
0	305	0
0	0	1
0	240	0
0	53	0
0	284	0
0	343	0
5	0	1
0	1144	0
0	309	0
0	0	1
0	44	0
0	314	0
0	332	0
0	45	0
0	210	0
0	44	0
0	0	1
0	237	0
0	285	0
6	0	1
0	46	0
0	309	0
0	0	1
0	43	0
0	46	0
0	304	0
0	46	0
0	1	1
0	306	0
0	0	1
0	291	0
0	45	0
0	211	0
0	1585	0
0	383	0
0	299	0
0	305	0
0	305	0
0	230	0
0	210	0
0	231	0
0	45	0
0	0	1
0	203	0
0	293	0
0	1201	0
0	0	1
0	1275	0
2	1571	0
0	28	0
0	0	1
0	305	0
0	252	0
1	0	1
0	218	0
0	55	0
0	213	0
0	310	0
1	0	1
0	289	0
0	0	1
0	1	1
0	215	0
0	0	1
0	54	0
0	219	0
0	1	1
0	302	0
0	1	1
0	202	0
0	28	0
0	216	0
0	205	0
0	105	0
0	0	1
0	255	0
0	324	0
0	0	1
0	45	0
0	45	0
0	201	0
0	300	0
0	326	0
0	1	1
0	190	0
0	293	0
0	36	0
0	40008	0
0	306	0
0	0	1
0	315	0
0	317	0
0	0	1
0	307	0
0	0	1
0	333	0
0	253	0
0	687	0
0	276	0
0	40008	0
0	238	0
4	0	1
0	234	0
0	1	1
0	300	0
0	53	0
0	305	0
0	205	0
0	0	1
0	55	0
0	308	0
0	224	0
0	30	0
0	46	0
1	1276	0
0	224	0
0	332	0
0	335	0
0	305	0
0	8	1
0	204	0
0	282	0
0	175	0
0	293	0
0	341	0
0	1199	0
0	54	0
0	331	0
0	159	0
0	0	1
0	299	0
0	227	0
0	905	0
0	105	0
0	300	0
0	0	1
0	229	0
0	19794	0
0	294	0
0	223	0
0	256	0
0	0	1
0	209	0
0	210	0
0	2447	0
2	0	1
0	273	0
1	0	1
0	37	0
0	231	0
0	1046	0
0	347	0
0	198	0
0	52	0
0	44	0
0	0	1
0	0	1
0	0	1
0	246	0
0	188	0
0	356	0
0	21	1
0	12324	0
0	45	0
0	232	0
0	1464	0
0	227	0
0	105	0
0	0	1
0	0	1
0	229	0
0	211	0
0	28	0
0	0	1
0	289	0
0	0	1
0	214	0
0	235	0
0	105	0
0	253	0
0	47	0
0	42	0
0	0	1
0	184	0
0	328	0
0	213	0
0	356	0
0	0	1
0	245	0
2	1008	0
0	46	0
0	297	0
0	44	0
0	0	0
0	164	0
0	0	1
0	298	0
0	0	1
0	289	0
0	200	0
0	217	0
0	44	0
0	204	0
0	324	0
0	212	0
0	42	0
0	345	0
0	210	0
0	293	0
0	44	0
0	105	0
0	205	0
0	217	0
0	2727	0
0	44	0
0	0	1
0	221	0
0	45	0
0	323	0
0	45	0
0	47	0
0	260	0
0	273	0
0	0	1
0	5585	0
2	0	1
0	313	0
0	0	1
0	105	0
1	0	1
0	221	0
0	293	0
0	687	0
0	34	0
0	299	0
0	227	0
0	293	0
0	299	0
0	18	1
0	0	1
0	222	0
0	0	1
2	6	1
0	230	0
0	738	0
0	216	0
0	0	1
0	297	0
0	211	0
0	353	0
0	198	0
0	1	0
0	279	0
0	426	0
0	34	0
0	641	0
0	54	0
0	317	0
0	0	1
0	302	0
0	243	0
0	196	0
0	208	0
0	317	0
0	320	0
0	205	0
0	1201	0
0	253	0
0	380	0
0	204	0
1	0	1
0	0	1
0	239	0
0	224	0
6	24	1
0	105	0
0	279	0
0	329	0
0	0	1
0	1	1
0	218	0
0	302	0
0	11	0
0	230	0
0	242	0
0	289	0
0	36	0
0	1	1
0	0	1
5	0	1
0	46	0
0	1356	0
0	232	0
0	0	1
0	207	0
0	36	0
1	566	0
0	325	0
0	176	0
0	0	1
0	818	0
0	0	1
0	201	0
0	223	0
0	341	0
0	342	0
0	42	0
0	45	0
0	198	0
1	1369	0
0	301	0
0	44	0
0	30	0
0	305	0
0	0	0
0	343	0
0	0	0
0	105	0
0	307	0
0	0	1
6	0	1
0	216	0
0	330	0
2	0	1
0	244	0
0	18	1
0	280	0
0	0	1
0	1	1
0	211	0
0	204	0
0	363	0
0	208	0
0	196	0
0	244	0
0	1	1
0	0	1
0	46	0
0	252	0
0	1392	0
0	302	0
0	286	0
0	196	0
0	251	0
0	193	0
0	291	0
0	147	0
0	287	0
0	1480	0
0	307	0
0	345	0
0	0	1
0	354	0
0	44	0
0	383	0
0	1	0
0	311	0
0	293	0
0	0	1
1	906	0
0	304	0
0	285	0
0	345	0
0	8	1
0	46	0
0	44	0
0	0	1
0	0	1
0	311	0
0	0	1
0	315	0
0	348	0
0	353	0
0	30	0
0	341	0
0	3676	0
0	156	0
0	208	0
0	0	1
0	0	1
0	217	0
0	250	0
0	307	0
0	245	0
0	105	0
0	227	0
0	228	0
0	319	0
0	18	1
0	1153	0
0	242	0
0	224	0
0	315	0
0	18	1
0	0	1
0	52	0
0	0	1
0	313	0
0	318	0
0	1	1
0	217	0
0	34	0
0	271	0
0	233	0
0	192	0
0	0	1
0	220	0
0	227	0
0	291	0
731	718	0
0	238	0
0	258	0
0	298	0
0	871	0
0	46	0
0	209	0
0	208	0
0	59	0
0	162	0
0	0	1
0	172	0
0	44	0
0	1	1
0	224	0
0	0	1
0	1	1
0	200	0
0	45	0
0	0	1
0	293	0
0	204	0
0	14	0
1	0	1
0	44	0
0	105	0
0	348	0
0	256	0
0	325	0
0	185	0
0	0	1
0	230	0
0	44	0
0	42	0
0	105	0
0	235	0
0	297	0
1	10545	0
0	223	0
0	315	0
0	327	0
0	18	1
0	327	0
0	307	0
0	44	0
0	227	0
0	306	0
0	150	0
0	312	0
0	0	1
0	54	0
0	0	1
0	218	0
0	280	0
0	20	1
0	0	1
0	320	0
0	231	0
0	305	0
0	56	0
0	207	0
0	18	1
0	20	1
0	0	1
0	305	0
0	46	0
0	0	1
0	53	0
0	0	1
0	45	0
0	349	0
0	213	0
0	308	0
0	235	0
0	0	0
0	2888	0
0	0	1
0	305	0
0	55	0
0	208	0
0	687	0
0	325	0
0	319	0
0	0	0
0	8	1
0	209	0
0	155	0
0	189	0
0	46	0
0	0	1
0	45	0
0	339	0
0	245	0
0	0	1
0	216	0
0	308	0
0	226	0
1	1073	0
0	1	1
0	197	0
3	0	1
1	0	1
0	0	1
0	198	0
0	303	0
0	30	0
0	349	0
0	0	1
0	151	0
0	44	0
0	0	1
0	297	0
0	1096	0
0	0	0
0	105	0
0	305	0
0	309	0
0	219	0
0	0	1
0	294	0
0	0	1
0	53	0
0	343	0
0	45	0
0	0	1
0	233	0
0	0	1
0	286	0
0	202	0
0	7233	0
0	1658	0
0	281	0
1	0	1
0	0	1
1	1196	0
0	2122	0
6	0	1
0	1	1
0	237	0
0	298	0
0	208	0
0	5	1
0	0	1
0	195	0
0	0	1
0	105	0
0	0	1
0	283	0
0	329	0
0	21	1
0	222	0
0	304	0
0	0	1
0	12	0
0	276	0
0	331	0
0	52	0
0	75	0
0	195	0
0	290	0
0	221	0
0	301	0
0	20	1
0	347	0
0	0	1
0	217	0
0	292	0
0	314	0
0	44	1
0	54	0
0	46	0
0	1	0
0	44	0
0	0	1
0	138946	0
0	320	0
0	333	0
0	0	0
3	885	0
0	242	0
0	244	0
0	306	0
0	235	0
0	211	0
0	219	0
0	55	0
0	195	0
0	930	0
0	296	0
0	242	0
0	273	0
0	18	1
0	299	0
0	53	0
0	342	0
0	300	0
0	0	1
0	281	0
0	225	0
0	0	1
0	321	0
0	1319	0
0	241	0
0	205	0
26	360	0
0	215	0
0	0	1
0	304	0
0	302	0
0	54	0
0	1	1
0	359	0
0	204	0
3	0	0
0	264	0
0	341	0
0	18	1
0	105	0
0	221	0
0	221	0
0	304	0
0	266	0
0	280	0
0	349	0
0	304	0
0	222	0
0	244	0
0	1	1
0	319	0
0	1874	0
0	178	0
0	0	1
0	0	1
0	276	0
0	235	0
0	20	1
0	287	0
0	42	0
0	0	1
0	265	0
0	234	0
0	105	0
0	209	0
0	256	0
0	231	0
4560	938	0
0	243	0
0	0	1
0	298	0
0	335	0
0	46	0
0	209	0
0	347	0
0	1	1
8	0	1
0	20	1
0	0	1
0	348	0
0	0	1
0	221	0
0	1874	0
0	276	0
0	228	0
0	317	0
0	287	0
0	208	0
0	337	0
0	217	0
0	310	0
0	0	1
0	0	0
1	0	1
0	297	0
0	1	1
0	338	0
0	301	0
0	1169	0
0	266	0
0	5929	0
0	295	0
21	237	0
5	0	1
0	105	0
0	239	0
0	0	1
0	238	0
0	235	0
0	44	0
0	63	0
0	222	0
2	0	1
0	0	1
0	0	1
0	223	0
0	239	0
0	10	0
0	1	0
0	261	0
0	0	1
2927	1176	0
0	325	0
0	3594	0
0	0	1
0	219	0
0	0	1
0	230	0
0	53	0
0	0	1
0	2098	0
0	314	0
0	288	0
0	290	0
0	0	1
3	231	0
0	0	1
0	0	1
0	218	0
0	0	1
0	216	0
0	249	0
0	258	0
0	258	0
0	213	0
0	277	0
0	314	0
0	306	0
0	234	0
0	46	0
0	209	0
0	212	0
0	105	0
0	95	0
0	259	0
0	44	1
0	327	0
0	223	0
0	259	0
0	313	0
1	1517	0
0	168	0
0	740	0
0	318	0
0	45	0
0	0	1
0	0	1
0	224	0
0	46	0
0	0	1
0	0	1
1	24	1
0	219	0
0	0	1
0	0	1
0	0	1
0	1	0
0	221	0
0	247	0
0	289	0
0	36	0
0	235	0
30	865	0
0	239	0
0	233	0
0	0	1
0	261	0
0	234	0
0	48	0
0	46	0
0	310	0
0	42	0
0	195	0
0	340	0
0	0	1
0	318	0
0	0	1
3	24	1
0	312	0
0	45	0
0	313	0
0	264	0
0	318	0
0	0	1
0	85	0
0	1	0
0	221	0
0	198	0
0	219	0
0	226	0
0	1	1
0	246	0
0	1	0
0	300	0
5	0	1
24	281	0
0	0	0
0	0	1
0	1	1
0	289	0
0	227	0
0	230	0
0	43	0
0	211	0
0	887	0
0	277	0
0	217	0
0	346	0
0	0	1
0	170	0
3	0	1
0	0	1
0	340	0
0	233	0
0	18	1
0	258	0
0	338	0
0	300	0
0	320	0
904	682	0
0	263	0
0	44	0
0	321	0
0	209	0
0	45	0
0	0	1
0	208	0
0	18	1
0	209	0
0	0	1
0	0	1
0	579	0
0	235	0
0	54	0
0	207	0
0	105	0
0	53	0
0	979	0
0	0	1
0	55	0
0	245	0
0	245	0
0	54	0
0	321	0
0	339	0
0	55	0
0	0	0
0	637	0
0	0	1
0	0	1
0	44	0
0	301	0
0	0	1
0	206	0
0	1	0
0	225	0
0	308	0
0	298	0
0	0	1
0	326	0
0	226	0
0	56	0
0	332	0
0	74	0
0	0	1
0	329	0
0	12	0
0	45	0
0	238	0
0	282	0
2	0	1
0	0	1
0	316	0
0	235	0
0	0	1
0	211	0
0	244	0
0	0	1
0	0	1
0	105	0
1	24	1
0	302	0
0	1	1
0	336	0
0	1313	0
0	42	0
1	24	1
0	159	0
0	308	0
38701	0	0
0	205	0
0	46	0
0	340	0
0	221	0
0	1	0
0	0	1
0	224	0
0	370	0
2	0	1
0	248	0
0	205	0
0	295	0
0	36	0
0	18	1
0	105	0
0	32	0
0	329	0
0	42	0
0	0	1
0	274	0
0	0	1
0	240	0
0	233	0
0	206	0
0	0	1
0	72	0
0	326	0
0	219	0
0	305	0
0	227	0
0	54	0
0	105	0
0	299	0
0	1	1
0	308	0
8	271	0
0	235	0
0	358	0
0	322	0
6	0	1
0	54	0
0	303	0
0	212	0
0	242	0
0	190	0
0	687	0
0	218	0
0	299	0
0	220	0
0	220	0
0	145	0
0	1	1
0	213	0
0	295	0
0	54	0
0	305	0
0	115	0
1	1387	0
0	18	0
0	0	1
0	261	0
0	0	1
0	311	0
0	0	1
0	43	0
0	45	0
0	239	0
0	44	1
0	303	0
0	326	0
0	0	1
0	53	0
0	236	0
0	220	0
0	42	0
1	1753	0
0	327	0
0	28	0
0	213	0
0	281	0
0	18	1
0	37	1
0	40008	0
0	17	0
1	0	1
31	347	0
0	236	0
0	0	1
0	45	0
0	910	0
0	1	0
0	349	0
0	29	0
0	366	0
0	1	1
0	292	0
0	310	0
0	40008	0
0	296	0
0	161	0
0	228	0
0	308	0
0	45	0
0	55	0
0	383	0
0	226	0
12112	99	0
1	3122	0
0	215	0
0	300	0
0	0	1
0	0	1
0	40	0
0	193	0
0	307	0
0	0	1
0	30	0
0	349	0
0	1	1
0	0	0
0	334	0
0	321	0
0	203	0
0	269	0
20741	146	0
0	296	0
0	216	0
0	341	0
0	205	0
0	1	1
0	20	1
0	281	0
0	264	0
0	48	0
0	226	0
0	0	1
0	193	0
0	286	0
0	284	0
0	196	0
0	0	1
0	42	0
0	210	0
0	233	0
0	340	0
1	0	1
0	1366	0
0	236	0
0	0	1
0	0	1
0	221	0
0	324	0
0	205	0
0	1	0
0	0	1
0	105	0
0	45	0
0	191	0
0	162	0
0	230	0
0	30	0
0	1	1
0	1766	0
0	229	0
0	306	0
0	0	1
0	246	0
0	1	0
0	306	0
0	28	0
0	55	0
0	0	1
0	311	0
0	54	0
1	1406	0
0	1	0
0	295	0
0	38	0
0	205	0
0	42	0
0	265	0
0	42	0
0	302	0
0	218	0
0	1	0
0	198	0
0	340	0
0	328	0
0	0	1
0	54	0
6103	583	0
0	298	0
0	185	0
0	229	0
0	239	0
0	56	0
0	276	0
0	0	1
0	44	0
0	226	0
0	228	0
0	1264	0
1	727	0
5	0	1
0	279	0
0	346	0
345	214	0
0	223	0
0	0	1
0	44	0
0	0	1
0	1566	0
0	251	0
0	214	0
0	0	1
0	53	0
0	216	0
0	195	0
0	317	0
1	0	1
0	323	0
0	205	0
0	216	0
0	0	1
0	286	0
0	229	0
0	208	0
0	0	1
0	641	0
0	42	0
0	330	0
0	378	0
0	328	0
0	218	0
0	1	1
0	360	0
0	370	0
2	682	0
39	52	0
0	213	0
0	40008	0
0	201	0
0	235	0
0	22	0
0	20	1
0	361	0
0	208	0
0	1	1
0	289	0
0	206	0
0	348	0
0	0	1
0	1	1
0	36	0
0	20	1
0	280	0
0	8	1
0	213	0
0	0	1
0	233	0
0	220	0
0	199	0
0	268	0
0	319	0
0	0	1
1	1539	0
0	280	0
0	347	0
0	0	1
0	298	0
0	237	0
21	227	0
0	45	0
0	232	0
0	228	0
2	0	1
0	230	0
0	312	0
0	0	1
0	248	0
0	46	0
0	345	0
0	274	0
0	322	0
0	216	0
0	18	1
0	351	0
0	256	0
0	216	0
0	402	0
0	45	0
0	55	0
0	221	0
0	321	0
0	0	1
0	207	0
0	54	0
0	312	0
0	0	1
0	253	0
0	54	0
0	0	1
0	192	0
0	105	0
0	237	0
0	20	1
0	289	0
0	196	0
0	158	0
0	223	0
0	286	0
5	0	1
0	293	0
0	55	0
0	309	0
0	295	0
1	103	0
0	290	0
0	285	0
0	105	0
0	185	0
0	204	0
1	2149	0
0	269	0
0	868	0
0	326	0
0	0	1
0	339	0
0	237	0
0	42	0
0	28	0
0	836	0
0	40008	0
0	316	0
0	153	0
0	0	1
0	510	0
0	316	0
0	297	0
0	53	0
0	216	0
0	340	0
0	44	0
0	238	0
0	0	1
0	232	0
0	186	0
0	7	0
0	0	0
0	44	0
1	0	1
0	0	1
0	296	0
0	221	0
0	1	1
0	249	0
0	210	0
0	44	0
0	182	0
0	304	0
0	188	0
0	356	0
0	0	1
0	204	0
0	52	0
0	1480	0
0	215	0
0	251	0
0	352	0
0	233	0
0	235	0
0	28	0
0	147	0
0	105	0
0	216	0
0	338	0
0	18	1
0	202	0
0	2236	0
0	339	0
0	315	0
0	8	1
0	338	0
0	237	0
0	54	0
0	317	0
2	24	1
0	309	0
0	285	0
0	0	1
0	0	1
0	207	0
0	287	0
0	0	1
0	215	0
5	0	1
15	191	0
0	105	0
0	2191	0
0	243	0
0	42	0
0	1	0
0	235	0
0	1	0
0	18	1
11675	103	0
0	1	1
0	295	0
0	192	0
0	45	0
0	8	1
0	251	0
0	44	0
0	1652	0
0	157	0
0	306	0
0	241	0
0	285	0
0	222	0
0	297	0
0	324	0
3	0	1
0	45	0
0	224	0
0	294	0
0	223	0
0	234	0
0	316	0
0	105	0
0	231	0
0	228	0
1	0	1
0	309	0
1	1952	0
0	0	1
0	212	0
0	289	0
0	295	0
0	282	0
0	79	0
0	53	0
0	309	0
0	216	0
0	55	0
0	209	0
0	20	0
0	1058	0
0	0	1
0	216	0
0	242	0
0	49	0
0	219	0
0	40008	0
61	214	0
0	0	1
0	44	0
0	314	0
0	316	0
0	787	0
0	233	0
0	259	0
0	237	0
0	204	0
0	18	1
0	205	0
0	232	0
0	258	0
0	1	1
0	242	0
0	333	0
0	294	0
0	1	1
0	78	0
0	0	1
1	729	0
0	330	0
0	44	0
0	45	0
0	316	0
0	0	1
0	147	0
0	115	0
0	220	0
0	18	1
2	844	0
0	176	0
0	235	0
0	44	0
0	209	0
0	321	0
0	105	0
0	18	1
0	249	0
7	0	1
0	322	0
0	228	0
0	210	0
0	292	0
0	724	0
0	272	0
0	235	0
0	55	0
0	346	0
0	42	0
0	323	0
0	230	0
0	331	0
0	235	0
0	322	0
0	216	0
0	0	1
0	295	0
0	1	1
0	254	0
0	348	0
0	309	0
0	212	0
0	243	0
0	1	1
0	284	0
0	221	0
0	0	1
0	226	0
0	160	0
0	314	0
0	192	0
0	175	0
0	20	1
0	216	0
0	0	1
0	1	1
0	45	0
0	0	1
0	313	0
0	349	0
0	105	0
0	18	1
0	303	0
0	233	0
3	0	1
0	241	0
0	202	0
0	18	1
0	283	0
0	110	0
0	341	0
0	0	1
0	305	0
0	252	0
0	779	0
0	53	0
0	327	0
0	218	0
0	1	0
0	0	1
0	55	0
0	223	0
0	301	0
0	258	0
0	310	0
0	251	0
0	336	0
0	45	0
0	318	0
0	199	0
0	298	0
0	174	0
0	0	1
0	53	0
0	193	0
0	0	0
0	1	1
0	317	0
0	44	0
0	365	0
0	1	0
0	208	0
0	1	1
0	54	0
0	338	0
1	898	0
0	0	1
0	44	1
0	304	0
0	20	1
1	30678	0
0	195	0
0	334	0
79	365	0
0	321	0
0	225	0
0	1	1
0	243	0
0	0	1
0	36	0
0	1048	0
10	1118	0
0	52	0
0	2427	0
0	252	0
0	42	0
0	286	0
0	1	1
0	55	0
0	231	0
0	316	0
0	327	0
0	327	0
0	251	0
0	0	1
0	44	0
0	225	0
0	325	0
0	212	0
0	208	0
0	290	0
0	207	0
0	1339	0
0	0	1
0	315	0
0	0	1
0	0	0
0	229	0
0	105	0
0	204	0
0	319	0
0	32	0
0	218	0
0	44	0
0	45	0
0	0	0
0	325	0
0	258	0
0	239	0
0	14052	0
0	20	1
0	228	0
0	344	0
0	214	0
0	215	0
0	0	1
8	2556	0
0	0	1
0	2249	0
0	53	0
0	300	0
0	0	1
0	210	0
0	43	0
0	313	0
0	243	0
0	241	0
0	152	0
0	0	1
0	252	0
0	0	1
0	9	0
0	44	0
0	0	1
0	209	0
0	0	1
0	278	0
0	105	0
0	297	0
0	105	0
0	328	0
0	288	0
0	105	0
0	0	1
0	20	1
0	0	1
0	306	0
0	220	0
0	303	0
0	335	0
0	224	0
0	18	1
0	228	0
0	39198	0
0	0	1
0	247	0
0	207	0
0	208	0
0	0	1
0	1	1
0	0	1
0	293	0
0	324	0
0	287	0
0	213	0
0	19	0
0	248	0
0	292	0
1	933	0
0	4474	0
0	204	0
0	244	0
0	105	0
0	214	0
0	43	0
0	231	0
0	43	0
0	0	1
0	223	0
0	316	0
0	209	0
0	303	0
0	1	1
0	209	0
0	36	0
0	236	0
0	335	0
0	199	0
0	0	1
1	24	1
0	220	0
1	1241	0
0	33	0
0	327	0
0	217	0
0	44	0
0	207	0
0	220	0
0	316	0
0	226	0
0	307	0
0	206	0
0	282	0
0	0	1
0	344	0
0	0	1
0	247	0
0	207	0
0	283	0
0	54	0
0	674	0
0	45	0
0	227	0
0	307	0
0	323	0
0	230	0
0	1	1
0	44	0
0	3690	0
0	0	1
0	212	0
0	261	0
0	698	0
0	353	0
0	216	0
0	43	0
0	329	0
0	213	0
0	236	0
0	290	0
0	276	0
0	173	0
0	200	0
0	0	1
0	304	0
0	254	0
0	10044	0
0	223	0
0	227	0
0	3775	0
0	0	1
0	318	0
0	20	1
1	848	0
0	0	0
0	313	0
0	0	1
0	20	1
0	260	0
0	251	0
0	0	1
0	372	0
0	209	0
0	0	1
0	282	0
0	286	0
0	1	1
0	311	0
0	353	0
0	196	0
0	0	1
0	0	1
0	202	0
0	105	0
0	237	0
0	337	0
0	294	0
0	46	0
0	283	0
0	298	0
0	230	0
0	308	0
0	0	1
0	20	1
0	0	1
0	300	0
0	105	0
1	0	1
0	218	0
0	0	1
0	230	0
0	311	0
1	1273	0
0	0	1
0	8	1
0	105	0
0	0	1
0	264	0
0	222	0
0	45	0
0	293	0
0	250	0
0	364	0
0	207	0
0	315	0
0	0	1
0	223	0
0	0	1
0	46	0
0	0	1
0	230	0
0	212	0
4	0	1
0	380	0
0	307	0
0	64	0
0	1	1
0	283	0
0	42	0
0	0	1
32	1534	0
0	1	1
0	269	0
2	24	1
0	28	0
0	1816	0
0	306	0
0	332	0
0	44	1
1	101	0
0	223	0
0	256	0
0	231	0
0	36	0
0	193	0
0	0	1
0	244	0
0	304	0
0	199	0
0	233	0
0	253	0
0	46	0
0	307	0
0	0	1
0	105	0
5	0	1
0	1486	0
20	256	0
0	52	0
0	42	0
0	0	1
0	298	0
0	243	0
0	219	0
0	230	0
0	0	1
0	321	0
0	15876	0
0	226	0
0	214	0
0	45	0
3	24	1
1	1147	0
0	0	1
0	221	0
0	219	0
0	220	0
0	214	0
0	0	0
0	44	0
0	282	0
0	218	0
0	36	0
0	353	0
0	274	0
0	248	0
0	8	1
0	220	0
0	199	0
0	357	0
0	253	0
1	1680	0
0	215	0
0	332	0
0	43	0
0	237	0
0	0	1
0	278	0
0	0	1
0	231	0
0	0	1
0	0	1
0	43	0
0	226	0
0	308	0
0	1	1
1	2207	0
0	54	0
0	256	0
0	165	0
0	323	0
0	0	1
0	307	0
0	20	1
0	363	0
0	199	0
0	207	0
0	577	0
1	1766	0
0	44	0
0	46	0
0	44	0
0	224	0
0	218	0
0	239	0
0	0	1
0	275	0
0	164	0
5	0	1
0	820	0
0	225	0
0	291	0
0	237	0
0	216	0
0	0	1
0	284	0
0	167	0
0	334	0
0	0	0
0	312	0
0	0	1
0	0	1
0	44	0
0	0	1
0	344	0
0	315	0
0	290	0
0	329	0
0	227	0
0	340	0
0	286	0
0	0	1
0	0	1
0	18	1
0	313	0
0	319	0
0	75	0
1	0	1
0	245	0
0	335	0
0	328	0
0	267	0
0	216	0
0	45	0
0	0	1
0	216	0
0	54	0
0	0	1
0	219	0
0	277	0
0	0	1
0	301	0
0	221	0
0	0	1
0	0	1
0	246	0
0	0	1
0	211	0
0	331	0
0	238	0
0	0	0
0	249	0
0	320	0
0	255	0
0	265	0
0	218	0
0	229	0
20	220	0
0	306	0
0	0	1
0	340	0
2	24	1
0	240	0
0	37	0
0	306	0
0	353	0
0	297	0
0	28	0
0	248	0
0	217	0
1	1292	0
47114	89	0
0	243	0
0	221	0
0	54	0
0	344	0
0	232	0
0	333	0
0	346	0
0	315	0
0	205	0
0	1	1
0	292	0
0	45	0
0	44	0
0	190	0
0	250	0
0	0	1
0	44	0
0	1	1
0	285	0
0	237	0
0	217	0
0	278	0
0	197	0
0	1	0
3	24	1
0	306	0
0	224	0
0	47	0
0	0	1
0	224	0
0	306	0
0	42	0
0	54	0
0	197	0
0	687	0
0	338	0
0	216	0
0	249	0
0	46	0
0	20	1
0	0	1
0	297	0
0	0	0
0	285	0
0	221	0
0	265	0
0	343	0
0	55	0
0	350	0
0	260	0
0	0	0
0	0	0
0	0	1
0	0	1
0	214	0
0	0	1
0	233	0
0	52	0
0	56	0
0	44	0
0	0	1
0	213	0
0	227	0
0	224	0
0	289	0
2	1325	0
0	231	0
0	46	0
0	243	0
0	225	0
0	55	0
2	35	0
0	211	0
0	44	0
0	40008	0
0	238	0
0	692	0
0	412	0
0	222	0
0	352	0
0	234	0
0	55	0
0	363	0
0	0	1
0	1224	0
0	298	0
0	45	0
0	0	1
0	0	1
0	272	0
0	305	0
0	105	0
0	234	0
0	220	0
0	319	0
0	0	1
0	319	0
0	208	0
0	224	0
0	46	0
0	52	0
0	0	1
0	3134	0
0	218	0
0	0	1
0	347	0
0	978	0
0	33	0
0	239	0
0	296	0
0	1	0
0	212	0
0	0	1
0	341	0
3	0	1
0	301	0
0	200	0
0	321	0
0	225	0
0	0	1
0	0	1
0	501760	0
0	199	0
0	44	0
0	52	0
0	54	0
0	1	1
0	42	0
0	262	0
0	56	0
0	687	0
0	1	1
0	158	0
0	319	0
0	315	0
0	45	0
0	228	0
0	299	0
0	229	0
0	165	0
0	0	1
9645	107	0
0	1	1
0	159	0
0	315	0
0	43	0
0	209	0
0	170	0
0	0	1
0	222	0
0	203	0
0	44	0
0	0	1
0	306	0
0	35892	0
0	52	0
0	281	0
0	321	0
0	317	0
0	215	0
0	260	0
0	210	0
0	0	1
0	1525	0
0	20	1
0	217	0
0	210	0
0	340	0
0	45	0
0	297	0
0	164	0
0	307	0
0	195	0
0	222	0
0	0	1
0	223	0
0	193	0
0	216	0
0	55	0
0	145	0
0	1	1
0	181	0
0	229	0
0	284	0
0	0	1
0	20	1
0	224	0
0	192	0
0	0	1
0	296	0
0	0	1
0	45	0
0	178	0
0	307	0
0	232	0
0	0	1
0	341	0
0	19822	0
0	312	0
0	268	0
0	197	0
0	376	0
0	242	0
0	1	1
0	298	0
0	236	0
0	341	0
0	0	1
0	40008	0
0	105	0
0	46	0
20	282	0
0	336	0
0	0	1
0	0	1
0	231	0
0	195	0
0	36	0
0	156	0
0	362	0
0	285	0
0	0	1
0	303	0
0	292	0
0	359	0
0	219	0
0	105	0
0	192	0
0	1959	0
0	378	0
0	302	0
0	42	0
0	0	1
0	42	0
0	217	0
0	44	0
0	1620	0
0	0	1
0	295	0
0	54	0
0	225	0
0	45	0
0	278	0
0	208	0
0	42	0
0	0	1
0	375	0
0	44	0
207	110	0
0	0	1
0	41	0
0	76	0
0	44	0
0	46	0
0	105	0
1	2054	0
0	20	1
0	263	0
0	309	0
0	600	0
0	205	0
0	315	0
0	0	1
0	53	0
0	1	1
0	178	0
0	0	1
0	297	0
3	0	1
0	294	0
0	28	0
1	20879	0
0	344	0
0	45	0
0	339	0
0	0	1
0	1	1
0	305	0
0	1	1
0	0	1
0	201	0
0	270	0
0	313	0
0	20	1
0	209	0
0	45	0
0	304	0
0	206	0
0	0	1
1	0	1
0	299	0
1	0	1
0	217	0
0	0	1
0	36	0
0	230	0
0	0	1
0	43	0
3	0	0
0	297	0
0	308	0
0	406	0
0	311	0
0	0	1
0	231	0
0	171	0
0	320	0
0	0	1
0	1	0
0	50	0
0	0	0
0	199	0
0	326	0
0	286	0
0	47	0
0	44	0
0	53	0
0	222	0
0	0	1
0	315	0
0	299	0
0	291	0
0	1	1
0	0	1
0	232	0
0	313	0
0	43	0
0	220	0
0	78204	0
0	43	0
0	264	0
0	1214	0
0	207	0
0	148	0
0	281	0
0	216	0
0	205	0
0	1	1
0	0	1
0	308	0
0	244	0
0	218	0
0	192	0
0	289	0
0	233	0
0	230	0
0	286	0
0	18	1
0	253	0
0	327	0
0	246	0
0	550	0
1	621	0
0	231	0
0	322	0
0	1	1
0	0	1
0	211	0
0	105	0
0	229	0
0	302	0
0	304	0
0	212	0
0	309	0
0	222	0
0	33	0
0	260	0
0	302	0
0	206	0
0	0	1
0	236	0
0	54	0
0	52	0
0	105	0
0	337	0
2	0	1
0	215	0
0	322	0
0	222	0
0	242	0
0	211	0
0	0	1
0	302	0
0	0	1
0	284	0
0	142	0
0	47	0
0	159	0
0	0	1
0	105	0
0	1	0
0	185	0
0	36	0
0	320	0
0	326	0
0	259	0
0	210	0
0	1	0
0	45	0
7	0	1
0	0	1
5	0	1
0	214	0
0	242	0
0	160	0
0	12983	0
0	0	1
0	0	0
0	234	0
0	221	0
0	0	1
0	7012	0
0	44	0
0	306	0
0	249	0
6	3131464	0
0	223	0
0	353	0
0	0	1
0	0	1
0	361	0
0	354	0
0	0	1
0	251	0
0	234	0
0	1	0
0	44	0
0	0	1
0	43	0
0	228	0
0	0	1
0	0	1
0	219	0
0	328	0
0	0	1
0	52	0
0	144	0
3	0	1
0	236	0
0	0	1
0	306	0
1	2005	0
0	245	0
0	1215	0
0	280	0
0	203	0
0	1	1
0	0	1
0	20	1
0	170	0
0	324	0
0	308	0
0	243	0
0	54	0
0	207	0
0	220	0
0	219	0
0	205	0
0	288	0
0	1	1
0	105	0
0	299	0
0	1089	0
0	245	0
0	187	0
0	269	0
0	0	1
0	286	0
0	0	1
0	44	0
0	0	1
0	157	0
0	1	1
0	290	0
0	172	0
0	0	1
0	328	0
0	213	0
0	1	1
0	223	0
0	0	1
0	0	1
0	227	0
0	408	0
0	329	0
0	295	0
0	269	0
0	0	0
0	325	0
0	202	0
0	1	1
0	991	0
0	105	0
0	1	1
0	38518	0
0	1	1
0	195	0
0	0	1
0	224	0
0	5558	0
0	249	0
0	115	0
0	305	0
0	171	0
0	1	0
0	59	0
0	0	1
0	302	0
0	287	0
0	306	0
0	0	0
0	0	1
1	2717	0
0	216	0
0	0	1
0	42	0
0	272	0
0	1347	0
0	0	1
0	239	0
0	319	0
0	210	0
0	267	0
0	309	0
0	230	0
0	756	0
1	9752	0
0	1	1
0	312	0
0	224	0
0	356	0
0	144	0
0	302	0
0	278	0
0	0	1
0	46	0
0	203	0
0	236	0
0	246	0
0	0	1
0	53	0
0	53	0
0	55	0
0	0	1
0	11	0
0	0	1
0	238	0
0	36	0
0	868	0
0	215	0
0	0	1
0	292	0
0	52	0
0	218	0
0	204	0
0	44	0
0	251	0
0	241	0
0	290	0
0	0	0
0	224	0
0	0	1
0	0	1
3	0	1
0	45	0
0	8	1
0	243	0
0	283	0
0	243	0
0	1	1
0	316	0
0	210	0
0	260	0
0	0	1
0	0	1
0	105	0
0	233	0
0	214	0
0	217	0
0	317	0
0	1	0
0	206	0
0	5	1
0	0	0
0	1	1
1	0	1
0	44	0
0	321	0
0	0	1
0	235	0
0	303	0
0	221	0
0	236	0
0	261	0
0	0	1
0	8	1
0	246	0
0	263	0
0	199	0
0	285	0
0	0	1
0	204	0
0	67	0
0	1	0
0	0	1
0	1	1
0	317	0
0	320	0
0	267	0
0	53	0
0	251	0
0	213	0
0	295	0
0	44	0
0	46	0
0	0	1
0	320	0
0	221	0
0	46	0
0	324	0
0	255	0
0	290	0
0	0	0
0	233	0
9	1868	0
0	53	0
0	311	0
0	188	0
0	221	0
22	6932	0
0	354	0
0	45	0
0	331	0
0	55	0
0	198	0
0	300	0
0	105	0
0	0	1
0	326	0
0	18	1
0	8	0
0	307	0
0	281	0
0	236	0
0	460	0
0	317	0
0	0	1
0	303	0
0	42	0
0	224	0
0	227	0
0	1	1
0	0	1
0	1	1
0	337	0
0	44	0
0	317	0
0	240	0
0	822	0
0	207	0
0	227	0
0	297	0
0	247	0
0	1030	0
0	222	0
0	46	0
0	204	0
0	54	0
0	243	0
0	296	0
0	105	0
0	224	0
5	0	1
0	0	1
0	0	1
0	315	0
0	308	0
0	292	0
0	54	0
0	345	0
0	202	0
0	250	0
0	175	0
0	226	0
0	1342	0
0	55	0
0	0	1
0	224	0
0	20	1
0	0	1
0	226	0
0	312	0
0	0	1
0	318	0
0	238	0
0	186	0
0	209	0
0	188	0
0	44	0
0	316	0
0	221	0
0	5336	0
0	261	0
0	18	1
208	1402	0
0	305	0
43	737	0
0	236	0
0	42	0
0	217	0
0	199	0
0	278	0
0	1	0
0	226	0
0	294	0
0	46	0
0	200	0
0	0	1
0	234	0
0	299	0
0	165	0
0	181	0
0	284	0
0	44	0
0	230	0
0	0	0
0	0	1
0	45	0
0	204	0
0	169	0
0	233	0
0	0	1
0	341	0
0	257	0
0	221	0
0	312	0
2	0	1
0	0	1
0	222	0
0	0	1
0	316	0
0	0	1
0	0	1
0	42	0
0	0	1
0	204	0
0	236	0
0	0	1
0	187	0
0	211	0
0	315	0
0	200	0
0	45	0
0	307	0
0	176	0
0	324	0
0	19	0
0	53	0
1	0	1
0	329	0
0	0	1
0	105	0
0	328	0
0	44	0
0	255	0
0	209	0
0	260	0
0	194	0
0	205	0
0	269	0
0	265	0
0	0	1
0	242	0
0	234	0
0	211	0
0	169	0
0	211	0
0	768	0
8	981	0
0	259	0
0	0	1
0	1	0
0	287	0
0	3775	0
0	0	1
0	198	0
0	0	1
0	42	0
0	324	0
0	301	0
0	105	0
0	323	0
0	294	0
27	364	0
0	296	0
0	44	0
0	42	0
23	119	0
0	323	0
0	1431	0
0	0	1
0	0	1
0	331	0
0	290	0
0	230	0
0	298	0
0	53	0
0	0	1
0	196	0
0	46	0
0	15	1
0	212	0
0	233	0
0	44	0
3	24	1
0	43	0
0	191	0
0	244	0
0	229	0
0	1	1
0	311	0
0	0	1
0	0	1
0	217	0
0	211	0
0	193	0
0	319	0
0	239	0
0	44	0
0	0	1
0	209	0
0	337	0
0	45	0
0	0	0
0	314	0
0	208	0
0	242	0
0	161	0
0	45	0
0	228	0
0	297	0
0	278	0
0	328	0
0	0	1
0	263	0
0	0	1
0	10	0
0	0	1
0	253	0
0	0	1
0	1	0
0	2306	0
1	0	1
0	9	0
2	0	1
0	224	0
0	42	0
0	53	0
1	1522	0
0	346	0
0	54	0
0	40008	0
0	175337	0
0	216	0
0	45	0
0	316	0
0	29	0
0	291	0
0	8	1
0	215	0
0	295	0
0	195	0
2	0	1
0	323	0
0	218	0
0	28	0
0	44	0
0	321	0
0	22	0
0	329	0
0	206	0
0	240	0
0	0	1
0	222	0
0	301	0
0	239	0
0	207	0
0	273	0
239	323	0
0	325	0
0	15876	0
0	321	0
0	1	1
1	0	1
0	1567	0
0	231	0
0	105	0
0	214	0
0	227	0
0	167	0
0	171	0
0	220	0
0	7	0
0	307	0
0	0	1
0	0	1
4	1216	0
0	8	1
0	218	0
0	42	0
0	202	0
0	10008	0
0	0	1
0	0	0
0	322	0
0	241	0
0	217	0
0	204	0
0	231	0
0	1410	0
0	0	1
0	315	0
0	52	0
0	364	0
0	205	0
0	313	0
0	44	0
0	6259	0
0	238	0
0	245	0
0	8766	0
0	228	0
0	225	0
0	329	0
0	0	1
0	328	0
0	207	0
0	212	0
0	229	0
0	218	0
0	224	0
0	282	0
0	178	0
0	46	0
2873	146	0
0	226	0
0	28	0
0	8	1
0	297	0
0	8	1
0	234	0
0	224	0
0	105	0
0	0	1
0	190	0
0	53	0
0	105	0
0	213	0
0	204	0
0	0	1
0	0	1
0	0	1
0	224	0
0	46	0
0	220	0
0	297	0
0	54	0
0	0	1
0	45	0
0	195	0
0	1	1
0	7	0
0	304	0
0	298	0
0	43	0
0	0	1
0	181	0
0	1	1
0	0	1
0	268	0
0	345	0
0	0	1
0	212	0
0	8173	0
0	311	0
0	298	0
0	213	0
0	243	0
0	0	1
0	209	0
0	203	0
0	238	0
4906	146	0
0	293	0
0	258	0
0	48	0
0	218	0
0	1	1
1	2851	0
0	268	0
0	307	0
0	42	0
0	233	0
0	1503	0
0	0	1
0	335	0
0	354	0
0	218	0
0	289	0
0	18	1
0	339	0
0	196	0
0	41	0
0	282	0
0	0	1
0	511	0
0	36	0
0	211	0
0	211	0
0	229	0
0	44	0
0	198	0
0	303	0
0	305	0
0	311	0
0	291	0
0	254	0
0	294	0
0	1	0
0	46	0
0	253	0
0	231	0
0	240	0
0	239	0
0	329	0
0	45	0
0	252	0
0	310	0
0	219	0
0	44	0
0	209	0
0	250	0
0	0	0
0	282	0
0	230	0
0	230	0
0	234	0
0	286	0
0	195	0
0	220	0
0	307	0
30	1439	0
0	210	0
1	10925	0
0	210	0
0	0	1
0	44	0
2	383	0
0	225	0
0	286	0
0	188	0
0	54	0
0	283	0
0	382	0
0	329	0
0	44	0
0	231	0
0	44	0
0	0	1
0	254	0
0	54	0
0	209	0
0	292	0
0	43	0
0	20	1
0	295	0
0	18	1
0	298	0
0	206	0
0	295	0
0	0	1
10	1083	0
0	54	0
0	64	0
0	45	0
0	203	0
0	288	0
0	305	0
0	226	0
0	16787	0
0	0	1
1	1439	0
0	930	0
0	0	1
0	247	0
0	52	0
0	740	0
0	44	0
0	296	0
0	285	0
0	2190	0
0	317	0
0	182	0
0	304	0
0	199	0
0	762	0
0	43	0
0	0	1
0	313	0
0	0	1
0	313	0
0	221	0
0	5363	0
0	0	1
0	229	0
0	331	0
0	18	1
0	42	0
0	0	0
0	0	1
0	288	0
0	2191	0
0	233	0
0	229	0
0	215	0
0	173	0
0	252	0
0	1	1
0	249	0
0	207	0
0	234	0
0	0	0
0	400	0
0	273	0
0	1	1
0	255	0
0	307	0
1	1620	0
0	18	1
0	296	0
0	356	0
0	111	0
0	185	0
0	309	0
0	350	0
0	216	0
0	235	0
0	1	1
0	242	0
0	0	1
0	223	0
0	44	0
0	0	1
0	218	0
0	184	0
0	0	1
1	0	1
0	1	1
0	105	0
0	0	1
0	322	0
0	346	0
0	1167	0
0	1	0
0	201	0
0	297	0
0	245	0
0	294	0
0	1	0
0	210	0
0	236	0
1	2575	0
0	367	0
0	52	0
0	0	1
0	751	0
0	53	0
0	196	0
0	54	0
0	298	0
0	45	0
6	4024	0
0	45	0
0	20	1
0	1100	0
0	18	1
0	105	0
0	296	0
0	216	0
0	234	0
0	0	1
0	245	0
0	0	1
0	0	1
0	326	0
0	334	0
0	243	0
0	283	0
0	54	0
0	990	0
2	0	1
0	252	0
0	0	1
0	209	0
0	323	0
0	315	0
1	0	1
0	280	0
0	1	1
0	230	0
0	261	0
0	322	0
0	1196	0
0	283	0
0	312	0
0	34	0
0	0	1
0	234	0
0	44	0
0	242	0
0	1215	0
0	0	1
0	232	0
0	0	1
0	204	0
0	0	0
0	43	0
0	238	0
0	8	1
2	24	1
0	274	0
0	42	0
0	1	1
0	1	1
0	165	0
0	214	0
0	319	0
0	207	0
0	0	1
0	8	0
0	312	0
0	44	0
0	214	0
0	0	1
0	199	0
0	339	0
0	45	0
0	242	0
0	306	0
0	338	0
0	687	0
0	329	0
0	357	0
0	217	0
0	105	0
0	274	0
0	288	0
1	6	1
0	3166	0
0	306	0
0	8	1
0	45	0
0	0	1
0	9849	0
0	285	0
0	280	0
0	319	0
0	42	0
0	338	0
0	212	0
0	0	0
0	0	1
0	44	0
0	237	0
0	378	0
1	1373	0
0	311	0
0	198	0
0	45	0
0	0	1
0	0	1
0	232	0
0	323	0
0	738	0
0	218	0
0	280	0
0	215	0
0	53	0
0	307	0
0	161	0
0	1	0
0	0	1
0	0	0
0	42	0
1	650	0
0	246	0
0	0	1
0	45	0
0	262	0
0	4753	0
0	20	1
0	235	0
0	307	0
0	1907	0
1	78162	0
0	0	1
0	203	0
0	0	1
0	54	0
0	289	0
0	227	0
0	224	0
0	0	1
0	0	1
0	251	0
0	722	0
0	54	0
0	212	0
0	1	0
0	221	0
0	252	0
22	211	0
163	257	0
0	223	0
0	336	0
0	41	0
0	219	0
0	308	0
0	0	1
0	55	0
0	44	0
0	248	0
0	952	0
0	362	0
0	215	0
0	201	0
0	188	0
0	0	0
0	53	0
0	28	0
0	143	0
0	0	1
0	279	0
0	5	1
0	207	0
0	207	0
0	0	1
0	2839	0
0	347	0
0	1	0
1	175337	0
0	6932	0
0	45	0
0	232	0
0	321	0
0	53	0
0	302	0
0	313	0
0	0	1
0	36	0
0	1	1
0	285	0
0	235	0
0	292	0
0	77	0
0	300	0
0	55	0
0	210	0
0	293	0
0	206	0
0	268	0
1	1277	0
0	21	1
0	318	0
0	220	0
0	0	1
0	1	1
0	8	1
0	225	0
0	283	0
0	196	0
0	46	0
0	199	0
0	220	0
0	311	0
0	319	0
0	204	0
0	290	0
0	233	0
0	320	0
0	43	0
0	225	0
0	1	1
1	772	0
0	297	0
0	234	0
0	218	0
0	339	0
0	306	0
0	1	0
0	245	0
0	203	0
0	0	1
0	1497	0
0	217	0
0	0	1
0	223	0
0	249	0
0	33	0
0	219	0
0	105	0
0	45	0
0	223	0
0	28	0
0	20	1
0	1	1
0	306	0
0	253	0
0	294	0
0	0	1
0	0	1
0	296	0
0	6408	0
0	0	1
0	236	0
0	157	0
0	210	0
0	1	1
0	217	0
0	218	0
0	868	0
0	211	0
0	214	0
0	0	1
0	218	0
0	55	0
0	223	0
0	278	0
0	326	0
0	32	0
0	288	0
0	209	0
0	235	0
0	291	0
0	0	1
0	146	0
0	305	0
0	0	1
0	232	0
0	1	1
0	161	0
0	10	0
0	238	0
0	222	0
0	0	1
1	1671	0
0	0	1
0	302	0
0	180	0
0	242	0
0	0	1
0	227	0
0	210	0
0	43	0
0	0	1
0	54	0
0	0	1
2	1115	0
0	18	1
0	206	0
0	285	0
0	245	0
0	326	0
0	220	0
0	269	0
0	295	0
0	315	0
0	359	0
0	325	0
0	52	0
0	359	0
0	239	0
29	248	0
0	285	0
0	9	0
0	284	0
0	154342	0
0	328	0
0	303	0
0	228	0
0	14	0
0	44	0
0	197	0
0	298	0
0	223	0
0	0	1
0	251	0
0	1	0
0	0	1
0	327	0
0	0	1
1	1057	0
0	319	0
0	224	0
0	0	1
0	218	0
0	0	1
0	244	0
0	328	0
0	173	0
0	0	1
0	293	0
29	42	0
0	340	0
0	1	0
0	283	0
0	319	0
0	322	0
0	8	1
0	331	0
0	208	0
0	224	0
0	0	1
0	0	1
0	0	0
0	1	1
0	54	0
0	105	0
0	217	0
0	308	0
0	105	0
0	264	0
0	0	1
0	305	0
0	330	0
0	0	1
0	241	0
0	0	0
0	220	0
6	14987	0
0	330	0
0	163	0
0	160	0
5	0	1
0	20	1
0	297	0
0	213	0
0	323	0
0	215	0
0	237	0
0	261	0
0	259	0
1	0	1
0	18	1
0	183	0
0	0	1
0	206	0
0	295	0
1	832	0
0	337	0
23	227	0
0	295	0
0	36	0
0	268	0
4	24	1
0	231	0
1	0	1
0	0	0
0	238	0
0	334	0
0	0	1
1	1057	0
0	43	0
0	46	0
0	0	1
0	296	0
0	0	1
0	36	0
0	292	0
0	172	0
0	44	0
0	338	0
0	36	0
0	242	0
0	408	0
0	251	0
0	211	0
0	105	0
0	211	0
0	331	0
0	230	0
0	213	0
0	225	0
0	300	0
0	258	0
0	299	0
0	1	1
0	331	0
0	0	1
0	259	0
0	287	0
1	1366	0
0	306	0
0	292	0
0	305	0
0	319	0
0	262	0
0	321	0
0	0	1
0	230	0
0	0	1
0	229	0
0	205	0
0	50	0
0	304	0
0	282	0
0	0	1
0	325	0
0	0	1
1	7065	0
0	255	0
0	0	1
0	0	1
0	105	0
0	78	0
0	341	0
0	242	0
0	223	0
0	293	0
0	53	0
0	209	0
0	46	0
0	8	1
0	225	0
0	236	0
0	0	0
0	350	0
0	241	0
0	44	0
2	24	1
0	859	0
0	220	0
0	43	0
0	229	0
0	53	0
0	313	0
0	212	0
0	0	1
0	44	0
0	170	0
0	0	1
0	228	0
0	0	1
0	189	0
0	228	0
0	43	0
0	52	0
0	0	1
0	304	0
0	317	0
0	282	0
0	226	0
0	1734	0
0	0	1
0	236	0
0	219	0
0	0	1
0	44	0
0	1480	0
0	212	0
0	0	1
0	323	0
0	236	0
0	0	1
0	207	0
0	205	0
0	0	1
0	45	0
0	205	0
0	1837	0
0	105	0
0	279	0
0	0	1
0	45	0
0	0	1
0	252	0
0	42	0
0	1301	0
0	105	0
0	284	0
0	46	0
0	281	0
0	237	0
0	211	0
0	175337	0
0	339	0
0	292	0
0	1	0
0	330	0
0	1	0
0	1146	0
0	252	0
0	309	0
0	42	0
0	217	0
0	12	0
0	0	1
3	0	0
0	205	0
0	0	1
0	241	0
0	0	1
0	305	0
0	45	0
0	239	0
0	287	0
0	288	0
0	341	0
0	315	0
0	215	0
0	0	1
0	342	0
0	0	1
0	44	0
0	1	0
0	53	0
0	283	0
0	53	0
0	0	1
0	274	0
0	307	0
0	44	0
0	44	0
0	320	0
0	336	0
0	42	0
0	306	0
0	738	0
0	319	0
0	45	0
0	296	0
0	233	0
0	1	1
0	30	0
0	232	0
0	193	0
0	244	0
0	223	0
0	46	0
0	1	1
0	296	0
0	48	0
0	204	0
0	55	0
0	269	0
0	246	0
0	221	0
0	219	0
0	0	1
0	240	0
0	160	0
0	1	1
0	309	0
0	0	0
0	281	0
0	207	0
0	343	0
0	244	0
0	53	0
0	301	0
0	213	0
0	254	0
0	214	0
0	1	1
0	313	0
0	223	0
0	229	0
0	0	1
0	232	0
0	313	0
0	236	0
0	294	0
60	129	0
0	302	0
0	305	0
0	0	0
0	202	0
0	0	1
0	1	0
0	238	0
0	250	0
0	235	0
0	0	1
0	296	0
3	0	0
12	67	0
0	214	0
0	309	0
0	1	0
0	0	1
0	206	0
0	0	0
25	269	0
0	42	0
0	51	0
0	0	1
0	298	0
1	3865	0
0	28	0
0	0	1
0	426	0
0	232	0
3	0	0
0	296	0
0	253	0
0	205	0
0	1380	0
0	353	0
0	331	0
0	46	0
0	46	0
0	1	1
0	210	0
1	52	0
0	44	0
0	297	0
0	216	0
0	44	0
0	336	0
0	0	1
0	0	1
1	0	1
0	0	1
0	0	1
0	309	0
0	1	0
0	0	0
0	0	1
0	310	0
1	926	0
1	0	1
0	268	0
0	330	0
0	211	0
0	55	0
0	201	0
1	0	1
0	0	1
0	280	0
0	204	0
0	53	0
0	1363	0
0	0	1
0	0	1
0	223	0
0	345	0
0	217	0
0	53	0
0	53	0
0	293	0
0	7	0
0	256	0
0	224	0
0	295	0
0	267	0
0	332	0
0	0	1
0	275	0
0	0	1
0	344	0
0	297	0
0	0	1
0	312	0
1	1041	0
0	335	0
0	0	1
0	44	0
0	304	0
0	294	0
0	214	0
0	321	0
1	987	0
0	251	0
0	44	0
0	36	0
1	802	0
0	52	0
0	300	0
0	178	0
0	326	0
0	220	0
0	226	0
0	273	0
0	0	1
0	317	0
0	45	0
0	240	0
28	6291668	0
0	0	1
0	223	0
0	0	1
0	46	0
2	0	1
0	44	0
0	310	0
0	0	1
0	307	0
0	339	0
0	284	0
0	335	0
0	171	0
0	300	0
0	324	0
0	205	0
0	45	0
0	0	1
0	212	0
0	327	0
0	0	1
0	40008	0
0	33	0
0	338	0
0	166	0
0	313	0
0	261	0
0	146	0
0	162	0
0	203	0
0	260	0
0	321	0
0	329	0
0	205	0
0	166	0
0	43	0
0	0	1
0	46	0
0	285	0
0	227	0
0	331	0
0	0	1
0	309	0
0	1074	0
0	0	1
0	200	0
0	249	0
1	736	0
0	52	0
0	43	0
0	0	1
0	0	1
0	242	0
0	305	0
0	246	0
0	45	0
0	1	1
0	231	0
0	282	0
0	310	0
0	325	0
0	223	0
0	20	1
0	219	0
0	239	0
0	229	0
0	218	0
0	0	1
0	275	0
0	0	1
0	230	0
0	0	0
0	226	0
0	306	0
0	20	1
6	128	0
0	0	1
0	0	1
0	45	0
0	171	0
0	36	0
0	235	0
0	42	0
0	232	0
0	221	0
1	662	0
0	302	0
0	289	0
0	0	1
0	242	0
0	7	0
0	42	0
0	315	0
0	1	0
0	269	0
0	54	0
0	0	1
0	297	0
0	0	1
0	314	0
0	0	1
0	313	0
0	332	0
0	44	0
0	1	0
0	44	0
0	145	0
1	0	1
0	324	0
0	224	0
0	330	0
0	0	1
0	194	0
0	251	0
0	229	0
0	342	0
0	0	1
0	266	0
0	313	0
0	54	0
0	335	0
0	228	0
0	331	0
0	421	0
0	156	0
0	43	0
0	335	0
0	47	0
69	873	0
0	0	1
0	291	0
0	36	0
0	187	0
0	213	0
0	238	0
0	0	1
0	304	0
0	51	0
0	162	0
0	339	0
0	8	1
1	2625	0
0	0	1
0	213	0
0	296	0
0	182	0
0	219	0
0	0	1
0	0	1
0	349	0
0	105	0
0	215	0
0	199	0
0	218	0
0	356	0
1	1082	0
0	45	0
0	308	0
0	226	0
0	44	0
0	244	0
0	203	0
0	0	1
0	45	0
0	1	1
0	11	0
0	364	0
0	314	0
0	42	0
0	251	0
0	105	0
0	232	0
0	321	0
0	234	0
0	45	0
0	212	0
0	300	0
0	262	0
0	46	0
0	244	0
0	311	0
112	368	0
0	265	0
0	105	0
0	319	0
0	13	0
0	429	0
0	222	0
0	1	0
1	1591	0
0	0	1
0	43	0
0	0	1
0	247	0
0	307	0
0	0	1
0	198	0
0	148	0
0	52	0
0	196	0
0	205	0
0	15	1
0	315	0
0	295	0
0	9178	0
0	1	1
0	209	0
0	228	0
0	331	0
1	0	1
0	246	0
1	652	0
0	1	1
0	320	0
0	363	0
0	0	1
0	278	0
0	0	1
0	242	0
0	189	0
0	0	1
0	0	1
0	321	0
0	248	0
0	293	0
0	355	0
0	1	1
0	308	0
0	218	0
0	202	0
0	1	1
0	331	0
0	149	0
0	55	0
0	225	0
0	342	0
0	287	0
0	0	1
0	247	0
0	338	0
0	383	0
0	52	0
0	41	0
0	259	0
0	0	1
0	370	0
0	260	0
0	43	0
0	250	0
0	228	0
0	28	0
0	353	0
0	5	0
0	300	0
0	53	0
0	251	0
0	1036	0
0	105	0
0	368	0
0	0	0
0	1596	0
0	321	0
0	0	1
3	11786	0
2	24	1
0	0	1
0	295	0
0	315	0
0	290	0
0	0	1
0	56	0
0	351	0
0	310	0
0	372	0
0	199	0
0	0	0
0	287	0
0	321	0
3	0	1
0	1	1
0	0	0
0	197	0
0	330	0
0	292	0
0	298	0
0	167	0
0	18	1
0	285	0
0	344	0
0	295	0
0	326	0
0	0	1
0	222	0
0	28	0
0	303	0
0	0	0
0	42	0
0	346	0
0	149	0
0	230	0
0	0	1
0	318	0
0	0	1
0	0	1
0	335	0
0	54	0
0	49	0
0	196	0
0	310	0
0	286	0
0	346	0
0	0	0
0	234	0
0	230	0
0	328	0
0	209	0
0	44	0
0	321	0
0	8	1
0	5603	0
0	226	0
0	379	0
0	240	0
0	45	0
0	306	0
0	293	0
0	0	1
0	330	0
0	234	0
0	1	0
1	1023	0
0	53	0
0	44	0
116	222	0
0	7658	0
0	0	1
1	0	1
0	205	0
0	0	1
3	2194619	0
0	218	0
0	212	0
0	44	0
0	0	1
0	212	0
0	277	0
0	295	0
5	0	1
0	353	0
0	234	0
0	281	0
0	44	0
0	318	0
0	207	0
0	239	0
0	367	0
0	220	0
0	0	1
0	326	0
0	318	0
0	105	0
0	246	0
0	1	1
0	293	0
0	295	0
0	0	1
0	0	1
0	950	0
0	32	0
0	336	0
2	24	1
0	235	0
0	115	0
0	322	0
0	295	0
0	0	1
0	1	1
0	289	0
0	169	0
0	236	0
0	9	0
0	264	0
0	274	0
0	280	0
0	794	0
0	317	0
0	42	0
0	0	1
